
SET SQL_MODE = "NO_AUTO_VALUE_ON_ZERO";
START TRANSACTION;
SET time_zone = "+00:00";


CREATE DATABASE IF NOT EXISTS `info` DEFAULT CHARACTER SET utf8mb4 COLLATE utf8mb4_general_ci;
USE `info`;



CREATE TABLE `classes` (
  `classId` tinyint(1) NOT NULL,
  `name` varchar(16) DEFAULT NULL,
  `chineseTeacher` mediumint(1) UNSIGNED DEFAULT NULL,
  `mathTeacher` mediumint(1) UNSIGNED DEFAULT NULL,
  `englishTeacher` mediumint(1) UNSIGNED DEFAULT NULL
) ENGINE=InnoDB DEFAULT CHARSET=utf8mb4;



INSERT INTO `classes` (`classId`, `name`, `chineseTeacher`, `mathTeacher`, `englishTeacher`) VALUES
(1, '一年(1)班', 18001, 18006, 18010),
(2, '一年(2)班', 18000, 18005, 18010),
(3, '一年(3)班', 18004, 18008, 18013),
(4, '一年(4)班', 18004, 18009, 18009),
(5, '一年(5)班', 18003, 18006, 18010),
(6, '一年(6)班', 18002, 18008, 18012),
(7, '一年(7)班', 18004, 18008, 18013),
(8, '一年(8)班', 18000, 18005, 18011),
(9, '一年(9)班', 18003, 18008, 18011),
(10, '一年(10)班', 18001, 18007, 18011),
(11, '一年(11)班', 18001, 18006, 18010),
(12, '一年(12)班', 18004, 18009, 18011),
(13, '一年(13)班', 18003, 18006, 18012),
(14, '一年(14)班', 18001, 18005, 18012),
(15, '一年(15)班', 18001, 18004, 18009),
(16, '一年(16)班', 18002, 18007, 18012),
(17, '一年(17)班', 18002, 18004, 18011),
(18, '一年(18)班', 18003, 18006, 18010);

CREATE TABLE `student` (
  `studentId` int(1) UNSIGNED NOT NULL,
  `classId` tinyint(3) UNSIGNED NOT NULL,
  `name` varchar(16) DEFAULT NULL,
  `age` tinyint(1) UNSIGNED DEFAULT NULL,
  `createTime` datetime DEFAULT CURRENT_TIMESTAMP
) ENGINE=InnoDB DEFAULT CHARSET=utf8mb4;

INSERT INTO `student` (`studentId`, `classId`, `name`, `age`, `createTime`) VALUES
(172017001, 8, '丁硕泽', 7, '2022-02-14 15:33:39'),
(172017002, 5, '万俊郝', 6, '2022-02-14 15:33:34'),
(172017003, 1, '不程哲', 5, '2022-02-14 15:33:34'),
(172017004, 16, '丑含平', 8, '2022-02-14 15:33:34'),
(172017005, 10, '世玉惠', 6, '2022-02-14 15:33:34'),
(172017006, 2, '丙一茹', 8, '2022-02-14 15:33:34'),
(172017007, 13, '业娅廷', 7, '2022-02-14 15:33:34'),
(172017008, 1, '丛哲', 7, '2022-02-14 15:33:34'),
(172017009, 9, '东恒宇', 6, '2022-02-14 15:33:34'),
(172017010, 6, '严雨诺', 6, '2022-02-14 15:33:34'),
(172017011, 13, '中津孜', 6, '2022-02-14 15:33:34'),
(172017012, 16, '丰兴翰', 7, '2022-02-14 15:33:34'),
(172017013, 13, '丹芳宁', 6, '2022-02-14 15:33:34'),
(172017014, 17, '么洛熙', 5, '2022-02-14 15:33:34'),
(172017015, 5, '义函', 6, '2022-02-14 15:33:34'),
(172017016, 1, '之鑫钰', 7, '2022-02-14 15:33:34'),
(172017017, 4, '乌奕森', 8, '2022-02-14 15:33:34'),
(172017018, 5, '乐雅涵', 8, '2022-02-14 15:33:34'),
(172017019, 12, '乔琪', 8, '2022-02-14 15:33:34'),
(172017020, 16, '乘怡瑶', 8, '2022-02-14 15:33:34'),
(172017021, 17, '乙婕', 7, '2022-02-14 15:33:34'),
(172017022, 18, '九沐语', 7, '2022-02-14 15:33:34'),
(172017023, 18, '习德鑫', 5, '2022-02-14 15:33:34'),
(172017024, 2, '书世暄', 7, '2022-02-14 15:33:34'),
(172017025, 18, '买自乐', 5, '2022-02-14 15:33:34'),
(172017026, 6, '乾熙妍', 6, '2022-02-14 15:33:34'),
(172017027, 15, '云浩毅', 8, '2022-02-14 15:33:34'),
(172017028, 6, '亓光泽', 7, '2022-02-14 15:33:34'),
(172017029, 18, '五佳宜', 7, '2022-02-14 15:33:34'),
(172017030, 4, '井瑜', 6, '2022-02-14 15:33:34'),
(172017031, 12, '亢怡然', 8, '2022-02-14 15:33:34'),
(172017032, 6, '亥浩宇', 8, '2022-02-14 15:33:34'),
(172017033, 13, '京涛', 7, '2022-02-14 15:33:34'),
(172017034, 14, '仁艺涵', 8, '2022-02-14 15:33:34'),
(172017035, 8, '仆新云', 8, '2022-02-14 15:33:34'),
(172017036, 1, '仇逸龙', 7, '2022-02-14 15:33:34'),
(172017037, 14, '仉洋辰', 5, '2022-02-14 15:33:34'),
(172017038, 15, '介啸天', 5, '2022-02-14 15:33:34'),
(172017039, 12, '仍子斌', 8, '2022-02-14 15:33:34'),
(172017040, 18, '从宇阳', 8, '2022-02-14 15:33:34'),
(172017041, 12, '仙琪帆', 5, '2022-02-14 15:33:34'),
(172017042, 6, '仝星辰', 5, '2022-02-14 15:33:34'),
(172017043, 6, '代明轩', 6, '2022-02-14 15:33:34'),
(172017044, 10, '令奥翔', 6, '2022-02-14 15:33:34'),
(172017045, 7, '以恩', 8, '2022-02-14 15:33:34'),
(172017046, 16, '仪晨曦', 8, '2022-02-14 15:33:34'),
(172017047, 15, '仰玉曼', 7, '2022-02-14 15:33:34'),
(172017048, 7, '仲佳佳', 5, '2022-02-14 15:33:34'),
(172017049, 3, '任竞兮', 8, '2022-02-14 15:33:34'),
(172017050, 10, '伊韵', 6, '2022-02-14 15:33:34'),
(172017051, 2, '伍东宸', 5, '2022-02-14 15:33:34'),
(172017052, 6, '伏乐佳', 7, '2022-02-14 15:33:34'),
(172017053, 11, '休奕', 8, '2022-02-14 15:33:34'),
(172017054, 5, '伟祖溢', 6, '2022-02-14 15:33:34'),
(172017055, 13, '伦颖', 5, '2022-02-14 15:33:34'),
(172017056, 10, '伯窅恒', 7, '2022-02-14 15:33:34'),
(172017057, 1, '似梓宸', 7, '2022-02-14 15:33:34'),
(172017058, 2, '但睿', 8, '2022-02-14 15:33:34'),
(172017059, 3, '位甜雅', 6, '2022-02-14 15:33:34'),
(172017060, 6, '何怡涵', 8, '2022-02-14 15:33:34'),
(172017061, 7, '佘鑫', 6, '2022-02-14 15:33:34'),
(172017062, 9, '余淇钧', 8, '2022-02-14 15:33:34'),
(172017063, 9, '佛子硕', 8, '2022-02-14 15:33:34'),
(172017064, 10, '佟普涵', 5, '2022-02-14 15:33:34'),
(172017065, 10, '佴诗语', 6, '2022-02-14 15:33:34'),
(172017066, 18, '佼淑瑶', 8, '2022-02-14 15:33:34'),
(172017067, 14, '侍恩硕', 6, '2022-02-14 15:33:34'),
(172017068, 13, '依瑜', 8, '2022-02-14 15:33:34'),
(172017069, 7, '侨世豪', 6, '2022-02-14 15:33:34'),
(172017070, 12, '侯晗', 8, '2022-02-14 15:33:34'),
(172017071, 6, '俎衡', 8, '2022-02-14 15:33:34'),
(172017072, 16, '保柯', 7, '2022-02-14 15:33:34'),
(172017073, 1, '俞绍博', 6, '2022-02-14 15:33:34'),
(172017074, 13, '俟焦铭', 7, '2022-02-14 15:33:34'),
(172017075, 11, '信炳光', 8, '2022-02-14 15:33:34'),
(172017076, 17, '修东正', 6, '2022-02-14 15:33:34'),
(172017077, 5, '倪仕龙', 7, '2022-02-14 15:33:34'),
(172017078, 6, '偶树人', 7, '2022-02-14 15:33:34'),
(172017079, 15, '傅洛', 5, '2022-02-14 15:33:34'),
(172017080, 14, '储弋焱', 5, '2022-02-14 15:33:34'),
(172017081, 16, '僧恒硕', 7, '2022-02-14 15:33:34'),
(172017082, 1, '僪思晨', 8, '2022-02-14 15:33:34'),
(172017083, 16, '允缤泽', 6, '2022-02-14 15:33:34'),
(172017084, 7, '元月怡', 8, '2022-02-14 15:33:34'),
(172017085, 6, '充雨萱', 5, '2022-02-14 15:33:34'),
(172017086, 11, '兆诗晴', 8, '2022-02-14 15:33:34'),
(172017087, 14, '党文轩', 5, '2022-02-14 15:33:34'),
(172017088, 16, '全玉琅', 6, '2022-02-14 15:33:34'),
(172017089, 11, '公炳錦', 7, '2022-02-14 15:33:34'),
(172017090, 8, '六子璇', 6, '2022-02-14 15:33:34'),
(172017091, 5, '兰树辰', 7, '2022-02-14 15:33:34'),
(172017092, 15, '其子阳', 6, '2022-02-14 15:33:34'),
(172017093, 17, '典玉茂', 6, '2022-02-14 15:33:34'),
(172017094, 4, '养子瑄', 7, '2022-02-14 15:33:34'),
(172017095, 4, '冉子涵', 7, '2022-02-14 15:33:34'),
(172017096, 2, '冒菲', 6, '2022-02-14 15:33:34'),
(172017097, 14, '军森', 6, '2022-02-14 15:33:34'),
(172017098, 16, '农梓怡', 5, '2022-02-14 15:33:34'),
(172017099, 7, '冠子涵', 5, '2022-02-14 15:33:34'),
(172017100, 10, '冯柯福', 8, '2022-02-14 15:33:34'),
(172017101, 14, '况志青', 6, '2022-02-14 15:33:34'),
(172017102, 3, '冷乐萱', 5, '2022-02-14 15:33:34'),
(172017103, 6, '冼世英', 5, '2022-02-14 15:33:34'),
(172017104, 17, '凌柯佳', 8, '2022-02-14 15:33:34'),
(172017105, 14, '凤怡企', 6, '2022-02-14 15:33:34'),
(172017106, 17, '凭宇', 8, '2022-02-14 15:33:34'),
(172017107, 13, '出恩宇', 7, '2022-02-14 15:33:34'),
(172017108, 17, '函硕', 6, '2022-02-14 15:33:34'),
(172017109, 5, '刀乙豪', 6, '2022-02-14 15:33:34'),
(172017110, 18, '刁泰', 8, '2022-02-14 15:33:34'),
(172017111, 13, '刑仪凡', 5, '2022-02-14 15:33:34'),
(172017112, 6, '刘淇轩', 8, '2022-02-14 15:33:34'),
(172017113, 3, '初誉馨', 8, '2022-02-14 15:33:34'),
(172017114, 6, '利馨阳', 6, '2022-02-14 15:33:34'),
(172017115, 12, '别子慧', 8, '2022-02-14 15:33:34'),
(172017116, 7, '前源', 5, '2022-02-14 15:33:34'),
(172017117, 2, '剑晨曦', 5, '2022-02-14 15:33:34'),
(172017118, 4, '剧怡博', 7, '2022-02-14 15:33:34'),
(172017119, 2, '力锦锦', 6, '2022-02-14 15:33:34'),
(172017120, 13, '功颖昕', 7, '2022-02-14 15:33:34'),
(172017121, 10, '务伊芃', 6, '2022-02-14 15:33:34'),
(172017122, 15, '励斯羽', 6, '2022-02-14 15:33:34'),
(172017123, 5, '劳树果', 6, '2022-02-14 15:33:34'),
(172017124, 14, '勇一然', 6, '2022-02-14 15:33:34'),
(172017125, 2, '勤浩轩', 8, '2022-02-14 15:33:34'),
(172017126, 12, '勾筱萌', 6, '2022-02-14 15:33:34'),
(172017127, 11, '包春豪', 5, '2022-02-14 15:33:34'),
(172017128, 8, '北鉴恒', 6, '2022-02-14 15:33:34'),
(172017129, 1, '匡昊然', 8, '2022-02-14 15:33:34'),
(172017130, 13, '区士', 6, '2022-02-14 15:33:34'),
(172017131, 17, '千紫瑶', 8, '2022-02-14 15:33:34'),
(172017132, 7, '华珂', 6, '2022-02-14 15:33:34'),
(172017133, 4, '卑恒博', 8, '2022-02-14 15:33:34'),
(172017134, 16, '卓启', 6, '2022-02-14 15:33:34'),
(172017135, 8, '单森', 7, '2022-02-14 15:33:34'),
(172017136, 8, '南柯依', 8, '2022-02-14 15:33:34'),
(172017137, 17, '卜佳', 5, '2022-02-14 15:33:34'),
(172017138, 14, '占旭', 6, '2022-02-14 15:33:34'),
(172017139, 14, '卢嘉', 5, '2022-02-14 15:33:34'),
(172017140, 15, '卫广运', 8, '2022-02-14 15:33:34'),
(172017141, 17, '卯婧妍', 7, '2022-02-14 15:33:34'),
(172017142, 5, '印阳阳', 6, '2022-02-14 15:33:34'),
(172017143, 14, '危殿洁', 8, '2022-02-14 15:33:34'),
(172017144, 11, '却博文', 7, '2022-02-14 15:33:34'),
(172017145, 17, '卷爱棋', 7, '2022-02-14 15:33:34'),
(172017146, 17, '卿美蓝', 7, '2022-02-14 15:33:34'),
(172017147, 16, '历俊含', 8, '2022-02-14 15:33:34'),
(172017148, 11, '厉子', 6, '2022-02-14 15:33:34'),
(172017149, 15, '厍统思', 8, '2022-02-14 15:33:34'),
(172017150, 14, '厚可欣', 6, '2022-02-14 15:33:34'),
(172017151, 18, '原乙涵', 8, '2022-02-14 15:33:34'),
(172017152, 16, '及柯慧', 6, '2022-02-14 15:33:34'),
(172017153, 1, '友硕', 7, '2022-02-14 15:33:34'),
(172017154, 13, '双艺晗', 6, '2022-02-14 15:33:34'),
(172017155, 13, '叔楚恒', 7, '2022-02-14 15:33:34'),
(172017156, 10, '受钰莹', 7, '2022-02-14 15:33:34'),
(172017157, 8, '古溪纯', 7, '2022-02-14 15:33:34'),
(172017158, 17, '召毓', 5, '2022-02-14 15:33:34'),
(172017159, 11, '可佳宁', 8, '2022-02-14 15:33:34'),
(172017160, 9, '台紫晨', 7, '2022-02-14 15:33:34'),
(172017161, 13, '史一泽', 8, '2022-02-14 15:33:34'),
(172017162, 11, '叶凌薇', 5, '2022-02-14 15:33:34'),
(172017163, 3, '司崇', 5, '2022-02-14 15:33:34'),
(172017164, 14, '合树涵', 5, '2022-02-14 15:33:34'),
(172017165, 8, '吉峻豪', 6, '2022-02-14 15:33:34'),
(172017166, 2, '同星瑶', 5, '2022-02-14 15:33:34'),
(172017167, 8, '后子伯', 7, '2022-02-14 15:33:34'),
(172017168, 9, '后诗', 5, '2022-02-14 15:33:34'),
(172017169, 14, '向欣炅', 5, '2022-02-14 15:33:34'),
(172017170, 2, '吴路喧', 6, '2022-02-14 15:33:34'),
(172017171, 3, '吾希哲', 6, '2022-02-14 15:33:34'),
(172017172, 11, '告邦威', 8, '2022-02-14 15:33:34'),
(172017173, 2, '员启腾', 7, '2022-02-14 15:33:34'),
(172017174, 3, '周宇泽', 7, '2022-02-14 15:33:34'),
(172017175, 16, '呼昊沅', 5, '2022-02-14 15:33:34'),
(172017176, 7, '和圣恩', 6, '2022-02-14 15:33:34'),
(172017177, 15, '咎玉鑫', 8, '2022-02-14 15:33:34'),
(172017178, 13, '哈楚', 8, '2022-02-14 15:33:34'),
(172017179, 13, '唐艺凝', 6, '2022-02-14 15:33:34'),
(172017180, 2, '商冉', 5, '2022-02-14 15:33:34'),
(172017181, 17, '善乙豪', 7, '2022-02-14 15:33:34'),
(172017182, 16, '喜艺茹', 5, '2022-02-14 15:33:34'),
(172017183, 11, '喻羽霏', 5, '2022-02-14 15:33:34'),
(172017184, 10, '嘉俊浩', 6, '2022-02-14 15:33:34'),
(172017185, 3, '嘉欣炅', 6, '2022-02-14 15:33:34'),
(172017186, 9, '回雯雯', 6, '2022-02-14 15:33:34'),
(172017187, 8, '国亦凡', 7, '2022-02-14 15:33:34'),
(172017188, 16, '圣依依', 5, '2022-02-14 15:33:34'),
(172017189, 4, '在泽铭', 6, '2022-02-14 15:33:34'),
(172017190, 1, '圭殿福', 5, '2022-02-14 15:33:34'),
(172017191, 1, '坚嘉兴', 8, '2022-02-14 15:33:34'),
(172017192, 17, '城尚文', 5, '2022-02-14 15:33:34'),
(172017193, 12, '堂志信', 5, '2022-02-14 15:33:34'),
(172017194, 2, '堵威威', 8, '2022-02-14 15:33:34'),
(172017195, 13, '塔统宇', 7, '2022-02-14 15:33:34'),
(172017196, 8, '塞树遥', 8, '2022-02-14 15:33:34'),
(172017197, 10, '墨玉哲', 6, '2022-02-14 15:33:34'),
(172017198, 17, '士柯豪', 8, '2022-02-14 15:33:34'),
(172017199, 17, '壬伊糖', 5, '2022-02-14 15:33:34'),
(172017200, 2, '声艺涵', 8, '2022-02-14 15:33:34'),
(172017201, 2, '夏峻成', 5, '2022-02-14 15:33:34'),
(172017202, 15, '夕子晨', 7, '2022-02-14 15:33:34'),
(172017203, 16, '夙名赫', 6, '2022-02-14 15:33:34'),
(172017204, 9, '多琦', 6, '2022-02-14 15:33:34'),
(172017205, 8, '大涵', 8, '2022-02-14 15:33:34'),
(172017206, 6, '天静依', 5, '2022-02-14 15:33:34'),
(172017207, 7, '夷晏鸣', 5, '2022-02-14 15:33:34'),
(172017208, 14, '奇启航', 8, '2022-02-14 15:33:34'),
(172017209, 8, '奈星语', 8, '2022-02-14 15:33:34'),
(172017210, 13, '奉璟春', 8, '2022-02-14 15:33:34'),
(172017211, 9, '奕格', 6, '2022-02-14 15:33:34'),
(172017212, 7, '奚梓童', 6, '2022-02-14 15:33:34'),
(172017213, 7, '妫千', 8, '2022-02-14 15:33:34'),
(172017214, 11, '始照涵', 8, '2022-02-14 15:33:34'),
(172017215, 6, '姒佳', 5, '2022-02-14 15:33:34'),
(172017216, 13, '委俊涵', 7, '2022-02-14 15:33:34'),
(172017217, 3, '姚子沐', 6, '2022-02-14 15:33:34'),
(172017218, 14, '姬响', 7, '2022-02-14 15:33:34'),
(172017219, 4, '威东润', 5, '2022-02-14 15:33:34'),
(172017220, 7, '娄东成', 5, '2022-02-14 15:33:34'),
(172017221, 17, '孔冠羽', 5, '2022-02-14 15:33:34'),
(172017222, 13, '孙恒菽', 6, '2022-02-14 15:33:34'),
(172017223, 2, '孛天佑', 5, '2022-02-14 15:33:34'),
(172017224, 4, '孝光纬', 5, '2022-02-14 15:33:34'),
(172017225, 7, '孟子硕', 7, '2022-02-14 15:33:34'),
(172017226, 12, '季锦灏', 6, '2022-02-14 15:33:34'),
(172017227, 15, '学想', 7, '2022-02-14 15:33:34'),
(172017228, 9, '宁平', 8, '2022-02-14 15:33:34'),
(172017229, 7, '宇爱书', 6, '2022-02-14 15:33:34'),
(172017230, 7, '守可馨', 6, '2022-02-14 15:33:34'),
(172017231, 1, '安路阳', 7, '2022-02-14 15:33:34'),
(172017232, 1, '宋梓涵', 7, '2022-02-14 15:33:34'),
(172017233, 10, '完怡辰', 7, '2022-02-14 15:33:34'),
(172017234, 6, '宏诗雅', 8, '2022-02-14 15:33:34'),
(172017235, 11, '宓夏沫', 6, '2022-02-14 15:33:34'),
(172017236, 5, '宗洋泽', 7, '2022-02-14 15:33:34'),
(172017237, 7, '官玉泽', 8, '2022-02-14 15:33:34'),
(172017238, 15, '定谣', 7, '2022-02-14 15:33:34'),
(172017239, 15, '宛钰', 7, '2022-02-14 15:33:34'),
(172017240, 4, '宜司翰', 5, '2022-02-14 15:33:34'),
(172017241, 2, '宝淑然', 8, '2022-02-14 15:33:34'),
(172017242, 10, '实欣奥', 8, '2022-02-14 15:33:34'),
(172017243, 9, '宣沐希', 8, '2022-02-14 15:33:34'),
(172017244, 2, '宦怡', 5, '2022-02-14 15:33:34'),
(172017245, 16, '宫菡', 5, '2022-02-14 15:33:34'),
(172017246, 13, '宰治博', 5, '2022-02-14 15:33:34'),
(172017247, 10, '家熙苒', 8, '2022-02-14 15:33:34'),
(172017248, 11, '宾鹏宇', 6, '2022-02-14 15:33:34'),
(172017249, 4, '宿晶晶', 8, '2022-02-14 15:33:34'),
(172017250, 14, '寇涵', 5, '2022-02-14 15:33:34'),
(172017251, 4, '富雨涵', 5, '2022-02-14 15:33:34'),
(172017252, 3, '寒雪', 7, '2022-02-14 15:33:34'),
(172017253, 2, '寸世祥', 5, '2022-02-14 15:33:34'),
(172017254, 12, '寻涵菲', 5, '2022-02-14 15:33:34'),
(172017255, 2, '寿自阳', 5, '2022-02-14 15:33:34'),
(172017256, 9, '尉明硕', 5, '2022-02-14 15:33:34'),
(172017257, 9, '少琪', 5, '2022-02-14 15:33:34'),
(172017258, 15, '尔凯', 7, '2022-02-14 15:33:34'),
(172017259, 9, '尚自帅', 6, '2022-02-14 15:33:34'),
(172017260, 13, '尤怡博', 8, '2022-02-14 15:33:34'),
(172017261, 16, '尧胜洋', 6, '2022-02-14 15:33:34'),
(172017262, 13, '尹一鸣', 8, '2022-02-14 15:33:34'),
(172017263, 11, '尾雪琪', 5, '2022-02-14 15:33:34'),
(172017264, 15, '局莹', 7, '2022-02-14 15:33:34'),
(172017265, 4, '屈一哲', 8, '2022-02-14 15:33:34'),
(172017266, 15, '展敏涵', 5, '2022-02-14 15:33:34'),
(172017267, 12, '屠震', 6, '2022-02-14 15:33:34'),
(172017268, 3, '山梓涵', 5, '2022-02-14 15:33:34'),
(172017269, 14, '岑依诺', 6, '2022-02-14 15:33:34'),
(172017270, 2, '岳玉淇', 8, '2022-02-14 15:33:34'),
(172017271, 10, '崇丹', 5, '2022-02-14 15:33:34'),
(172017272, 12, '崔毓君', 7, '2022-02-14 15:33:34'),
(172017273, 6, '巢诺曦', 6, '2022-02-14 15:33:34'),
(172017274, 3, '左明轩', 8, '2022-02-14 15:33:34'),
(172017275, 10, '巧子辰', 5, '2022-02-14 15:33:34'),
(172017276, 12, '巨金壵', 6, '2022-02-14 15:33:34'),
(172017277, 2, '巩语', 6, '2022-02-14 15:33:34'),
(172017278, 18, '巫士轩', 8, '2022-02-14 15:33:34'),
(172017279, 12, '巴雨晨', 6, '2022-02-14 15:33:34'),
(172017280, 9, '市珂簪', 6, '2022-02-14 15:33:34'),
(172017281, 3, '布凯', 8, '2022-02-14 15:33:34'),
(172017282, 4, '帅旭', 8, '2022-02-14 15:33:34'),
(172017283, 12, '师奕卓', 7, '2022-02-14 15:33:34'),
(172017284, 8, '希旭来', 8, '2022-02-14 15:33:34'),
(172017285, 11, '帖采涵', 6, '2022-02-14 15:33:34'),
(172017286, 2, '帛皓阳', 8, '2022-02-14 15:33:34'),
(172017287, 12, '席玉卿', 8, '2022-02-14 15:33:34'),
(172017288, 17, '常光星', 8, '2022-02-14 15:33:34'),
(172017289, 7, '干鑫玉', 6, '2022-02-14 15:33:34'),
(172017290, 7, '平嘉倪', 8, '2022-02-14 15:33:34'),
(172017291, 5, '年柯欣', 6, '2022-02-14 15:33:34'),
(172017292, 7, '幸奕珩', 6, '2022-02-14 15:33:34'),
(172017293, 10, '广梦森', 7, '2022-02-14 15:33:34'),
(172017294, 17, '庄艺诺', 6, '2022-02-14 15:33:34'),
(172017295, 2, '庆东旭', 5, '2022-02-14 15:33:34'),
(172017296, 9, '库秋羽', 7, '2022-02-14 15:33:34'),
(172017297, 16, '应统赫', 5, '2022-02-14 15:33:34'),
(172017298, 15, '庚豫栋', 8, '2022-02-14 15:33:34'),
(172017299, 9, '府静怡', 8, '2022-02-14 15:33:34'),
(172017300, 3, '庞梓辰', 8, '2022-02-14 15:33:34'),
(172017301, 15, '度耘郗', 6, '2022-02-14 15:33:34'),
(172017302, 15, '康子赫', 8, '2022-02-14 15:33:34'),
(172017303, 10, '庹好妍', 8, '2022-02-14 15:33:34'),
(172017304, 7, '庾若惜', 8, '2022-02-14 15:33:34'),
(172017305, 11, '廉熙恩', 6, '2022-02-14 15:33:34'),
(172017306, 12, '廖光浩', 8, '2022-02-14 15:33:34'),
(172017307, 17, '延家乐', 6, '2022-02-14 15:33:34'),
(172017308, 9, '开梦鑫', 6, '2022-02-14 15:33:34'),
(172017309, 15, '弓潇郡', 7, '2022-02-14 15:33:34'),
(172017310, 3, '弘熙研', 8, '2022-02-14 15:33:34'),
(172017311, 17, '张晨硕', 5, '2022-02-14 15:33:34'),
(172017312, 10, '弥乐', 5, '2022-02-14 15:33:34'),
(172017313, 13, '弭林莹', 7, '2022-02-14 15:33:34'),
(172017314, 3, '强钧溢', 7, '2022-02-14 15:33:34'),
(172017315, 8, '归伊可', 8, '2022-02-14 15:33:34'),
(172017316, 10, '彤子皓', 8, '2022-02-14 15:33:34'),
(172017317, 14, '彭炳硕', 6, '2022-02-14 15:33:34'),
(172017318, 17, '律翌岍', 5, '2022-02-14 15:33:34'),
(172017319, 12, '徐岳阳', 5, '2022-02-14 15:33:34'),
(172017320, 16, '御雨欣', 8, '2022-02-14 15:33:34'),
(172017321, 18, '徭宇', 8, '2022-02-14 15:33:34'),
(172017322, 11, '德俊杰', 7, '2022-02-14 15:33:34'),
(172017323, 10, '念世昌', 5, '2022-02-14 15:33:34'),
(172017324, 7, '忻硕阳', 7, '2022-02-14 15:33:34'),
(172017325, 8, '怀一苗', 5, '2022-02-14 15:33:34'),
(172017326, 17, '性明月', 8, '2022-02-14 15:33:34'),
(172017327, 17, '恭子博', 7, '2022-02-14 15:33:34'),
(172017328, 17, '恽传禄', 8, '2022-02-14 15:33:34'),
(172017329, 17, '悉奥杰', 5, '2022-02-14 15:33:34'),
(172017330, 18, '悟奕瑞', 6, '2022-02-14 15:33:34'),
(172017331, 3, '惠梓艺', 8, '2022-02-14 15:33:34'),
(172017332, 3, '愈梓萱', 5, '2022-02-14 15:33:34'),
(172017333, 1, '愚月', 6, '2022-02-14 15:33:34'),
(172017334, 17, '慎柯依', 7, '2022-02-14 15:33:34'),
(172017335, 6, '戈羽', 5, '2022-02-14 15:33:34'),
(172017336, 17, '戊恩豪', 7, '2022-02-14 15:33:34'),
(172017337, 14, '戎子聪', 5, '2022-02-14 15:33:34'),
(172017338, 10, '戏欣怡', 6, '2022-02-14 15:33:34'),
(172017339, 5, '成紫萱', 6, '2022-02-14 15:33:34'),
(172017340, 6, '战爱豪', 5, '2022-02-14 15:33:34'),
(172017341, 15, '戚源', 7, '2022-02-14 15:33:34'),
(172017342, 7, '戢宏赛', 8, '2022-02-14 15:33:34'),
(172017343, 1, '戴自雨', 5, '2022-02-14 15:33:34'),
(172017344, 3, '户千', 8, '2022-02-14 15:33:34'),
(172017345, 15, '房玉硕', 5, '2022-02-14 15:33:34'),
(172017346, 12, '所杰森', 6, '2022-02-14 15:33:34'),
(172017347, 14, '扈泽睿', 5, '2022-02-14 15:33:34'),
(172017348, 18, '才雅', 7, '2022-02-14 15:33:34'),
(172017349, 5, '扬伊果', 6, '2022-02-14 15:33:34'),
(172017350, 6, '扶梓希', 6, '2022-02-14 15:33:34'),
(172017351, 2, '承梓玥', 8, '2022-02-14 15:33:34'),
(172017352, 9, '抄恩贝', 6, '2022-02-14 15:33:34'),
(172017353, 10, '抗一可', 5, '2022-02-14 15:33:34'),
(172017354, 1, '折恒鑫', 5, '2022-02-14 15:33:34'),
(172017355, 13, '招明宇', 5, '2022-02-14 15:33:34'),
(172017356, 6, '拜美含', 8, '2022-02-14 15:33:34'),
(172017357, 14, '拱翌钊', 8, '2022-02-14 15:33:34'),
(172017358, 15, '捷建云', 5, '2022-02-14 15:33:34'),
(172017359, 5, '掌洋毅', 5, '2022-02-14 15:33:34'),
(172017360, 10, '接森', 7, '2022-02-14 15:33:34'),
(172017361, 4, '揭思捷', 6, '2022-02-14 15:33:34'),
(172017362, 10, '摩逸轩', 8, '2022-02-14 15:33:34'),
(172017363, 9, '撒一诺', 8, '2022-02-14 15:33:34'),
(172017364, 14, '操淇', 7, '2022-02-14 15:33:34'),
(172017365, 11, '支子尧', 8, '2022-02-14 15:33:34'),
(172017366, 8, '敏浩宇', 6, '2022-02-14 15:33:34'),
(172017367, 13, '敏羽墨', 7, '2022-02-14 15:33:34'),
(172017368, 14, '敛胜龙', 7, '2022-02-14 15:33:34'),
(172017369, 11, '敬啸喆', 8, '2022-02-14 15:33:34'),
(172017370, 6, '文光正', 8, '2022-02-14 15:33:34'),
(172017371, 11, '斋家轩', 7, '2022-02-14 15:33:34'),
(172017372, 5, '斐一', 8, '2022-02-14 15:33:34'),
(172017373, 8, '斛平', 7, '2022-02-14 15:33:34'),
(172017374, 11, '斯曌煜', 6, '2022-02-14 15:33:34'),
(172017375, 16, '方竞一', 6, '2022-02-14 15:33:34'),
(172017376, 11, '於嘉木', 7, '2022-02-14 15:33:34'),
(172017377, 16, '施海淇', 5, '2022-02-14 15:33:34'),
(172017378, 7, '旁东硕', 7, '2022-02-14 15:33:34'),
(172017379, 16, '旅欣胜', 5, '2022-02-14 15:33:34'),
(172017380, 16, '旗博', 6, '2022-02-14 15:33:34'),
(172017381, 7, '无翌喆', 5, '2022-02-14 15:33:34'),
(172017382, 12, '时淑涵', 6, '2022-02-14 15:33:34'),
(172017383, 4, '旷玉浩', 8, '2022-02-14 15:33:34'),
(172017384, 16, '昂甜茜', 7, '2022-02-14 15:33:34'),
(172017385, 9, '昌思晨', 6, '2022-02-14 15:33:34'),
(172017386, 9, '明俊宇', 8, '2022-02-14 15:33:34'),
(172017387, 9, '易依甜', 7, '2022-02-14 15:33:34'),
(172017388, 7, '昔琳', 8, '2022-02-14 15:33:34'),
(172017389, 1, '昝琪航', 8, '2022-02-14 15:33:34'),
(172017390, 15, '星金宇', 5, '2022-02-14 15:33:34'),
(172017391, 5, '春耀择', 6, '2022-02-14 15:33:34'),
(172017392, 13, '是怡冉', 6, '2022-02-14 15:33:34'),
(172017393, 3, '晁景苑', 6, '2022-02-14 15:33:34'),
(172017394, 9, '晋子骞', 5, '2022-02-14 15:33:34'),
(172017395, 12, '晏正宇', 5, '2022-02-14 15:33:34'),
(172017396, 15, '普翌菡', 6, '2022-02-14 15:33:34'),
(172017397, 14, '景名轩', 6, '2022-02-14 15:33:34'),
(172017398, 3, '智树行', 7, '2022-02-14 15:33:34'),
(172017399, 15, '暨志亮', 5, '2022-02-14 15:33:34'),
(172017400, 1, '暴卿硕', 7, '2022-02-14 15:33:34'),
(172017401, 7, '曲延', 5, '2022-02-14 15:33:34'),
(172017402, 5, '曹哲玮', 5, '2022-02-14 15:33:34'),
(172017403, 13, '曾若曦', 6, '2022-02-14 15:33:34'),
(172017404, 10, '有恩泽', 6, '2022-02-14 15:33:34'),
(172017405, 13, '朋世博', 8, '2022-02-14 15:33:34'),
(172017406, 1, '望洋泽', 8, '2022-02-14 15:33:34'),
(172017407, 14, '本尚昆', 6, '2022-02-14 15:33:34'),
(172017408, 6, '朱致远', 7, '2022-02-14 15:33:34'),
(172017409, 4, '朴爱慧', 5, '2022-02-14 15:33:34'),
(172017410, 5, '机濛', 5, '2022-02-14 15:33:34'),
(172017411, 1, '权哲铭', 6, '2022-02-14 15:33:34'),
(172017412, 17, '李智越', 5, '2022-02-14 15:33:34'),
(172017413, 2, '杜函', 6, '2022-02-14 15:33:34'),
(172017414, 18, '杞雅涵', 5, '2022-02-14 15:33:34'),
(172017415, 3, '束钰曦', 7, '2022-02-14 15:33:34'),
(172017416, 11, '来志煜', 8, '2022-02-14 15:33:34'),
(172017417, 12, '杨昕', 6, '2022-02-14 15:33:34'),
(172017418, 12, '杭正浩', 7, '2022-02-14 15:33:34'),
(172017419, 9, '松浩然', 8, '2022-02-14 15:33:34'),
(172017420, 17, '板雨萱', 5, '2022-02-14 15:33:34'),
(172017421, 15, '析奕玮', 7, '2022-02-14 15:33:34'),
(172017422, 11, '林恩希', 8, '2022-02-14 15:33:34'),
(172017423, 17, '枚汉霖', 5, '2022-02-14 15:33:34'),
(172017424, 15, '果鑫', 8, '2022-02-14 15:33:34'),
(172017425, 15, '枝司卿', 7, '2022-02-14 15:33:34'),
(172017426, 13, '柏思源', 7, '2022-02-14 15:33:34'),
(172017427, 16, '柔皓', 8, '2022-02-14 15:33:34'),
(172017428, 17, '查东辰', 5, '2022-02-14 15:33:34'),
(172017429, 17, '柯皓轩', 6, '2022-02-14 15:33:34'),
(172017430, 10, '柳宇轩', 6, '2022-02-14 15:33:34'),
(172017431, 15, '柴智营', 5, '2022-02-14 15:33:34'),
(172017432, 4, '树自娴', 6, '2022-02-14 15:33:34'),
(172017433, 3, '栗云辰', 5, '2022-02-14 15:33:34'),
(172017434, 8, '校泉润', 8, '2022-02-14 15:33:34'),
(172017435, 9, '栾云碧', 8, '2022-02-14 15:33:34'),
(172017436, 5, '桂亚捷', 6, '2022-02-14 15:33:34'),
(172017437, 11, '桐豫豪', 5, '2022-02-14 15:33:34'),
(172017438, 3, '桑铭轩', 5, '2022-02-14 15:33:34'),
(172017439, 14, '桓彤', 8, '2022-02-14 15:33:34'),
(172017440, 1, '桥涵予', 7, '2022-02-14 15:33:34'),
(172017441, 3, '梁凌硕', 5, '2022-02-14 15:33:34'),
(172017442, 16, '梅润兴', 5, '2022-02-14 15:33:34'),
(172017443, 8, '检浩轩', 8, '2022-02-14 15:33:34'),
(172017444, 12, '森树潼', 8, '2022-02-14 15:33:34'),
(172017445, 17, '植天琪', 8, '2022-02-14 15:33:34'),
(172017446, 17, '楚梓晨', 6, '2022-02-14 15:33:34'),
(172017447, 18, '樊乾', 6, '2022-02-14 15:33:34'),
(172017448, 1, '檀梓睿', 5, '2022-02-14 15:33:34'),
(172017449, 1, '次旭东', 8, '2022-02-14 15:33:34'),
(172017450, 14, '欧绮', 8, '2022-02-14 15:33:34'),
(172017451, 17, '止莆泽', 8, '2022-02-14 15:33:34'),
(172017452, 18, '步子墨', 8, '2022-02-14 15:33:34'),
(172017453, 17, '武润茁', 6, '2022-02-14 15:33:34'),
(172017454, 2, '歧彦森', 5, '2022-02-14 15:33:34'),
(172017455, 11, '殳熙', 8, '2022-02-14 15:33:34'),
(172017456, 12, '段世霖', 7, '2022-02-14 15:33:34'),
(172017457, 6, '殷剑博', 7, '2022-02-14 15:33:34'),
(172017458, 11, '毋子瀚', 6, '2022-02-14 15:33:34'),
(172017459, 11, '毓硕', 7, '2022-02-14 15:33:34'),
(172017460, 18, '毕志达', 8, '2022-02-14 15:33:34'),
(172017461, 5, '毛兴娜', 8, '2022-02-14 15:33:34'),
(172017462, 15, '水红佑', 7, '2022-02-14 15:33:34'),
(172017463, 6, '永楚萓', 8, '2022-02-14 15:33:34'),
(172017464, 5, '求嘉煊', 6, '2022-02-14 15:33:34'),
(172017465, 18, '汉彤', 6, '2022-02-14 15:33:34'),
(172017466, 8, '汗志选', 7, '2022-02-14 15:33:34'),
(172017467, 4, '汝春志', 6, '2022-02-14 15:33:34'),
(172017468, 18, '江明哲', 5, '2022-02-14 15:33:34'),
(172017469, 8, '池承锐', 7, '2022-02-14 15:33:34'),
(172017470, 4, '汤欣龙', 7, '2022-02-14 15:33:34'),
(172017471, 14, '汪怡萱', 8, '2022-02-14 15:33:34'),
(172017472, 16, '汲馨翼', 7, '2022-02-14 15:33:34'),
(172017473, 8, '沈俊贺', 6, '2022-02-14 15:33:34'),
(172017474, 18, '沐曦', 7, '2022-02-14 15:33:34'),
(172017475, 18, '沙梓轩', 5, '2022-02-14 15:33:34'),
(172017476, 18, '泉沐希', 6, '2022-02-14 15:33:34'),
(172017477, 11, '法子涵', 5, '2022-02-14 15:33:34'),
(172017478, 4, '波殿薇', 6, '2022-02-14 15:33:34'),
(172017479, 15, '泥晴', 8, '2022-02-14 15:33:34'),
(172017480, 18, '泰欣佑', 6, '2022-02-14 15:33:34'),
(172017481, 15, '泷浩宇', 5, '2022-02-14 15:33:34'),
(172017482, 13, '洋豪', 5, '2022-02-14 15:33:34'),
(172017483, 5, '洛栾诺', 7, '2022-02-14 15:33:34'),
(172017484, 15, '浑芸', 7, '2022-02-14 15:33:34'),
(172017485, 18, '浦雯雯', 8, '2022-02-14 15:33:34'),
(172017486, 6, '浮子晴', 5, '2022-02-14 15:33:34'),
(172017487, 5, '海淑怡', 5, '2022-02-14 15:33:34'),
(172017488, 16, '淡长春', 8, '2022-02-14 15:33:34'),
(172017489, 15, '淦慧玲', 7, '2022-02-14 15:33:34'),
(172017490, 2, '清星宇', 5, '2022-02-14 15:33:34'),
(172017491, 16, '渠云娴', 5, '2022-02-14 15:33:34'),
(172017492, 18, '温桐', 7, '2022-02-14 15:33:34'),
(172017493, 18, '游童', 7, '2022-02-14 15:33:34'),
(172017494, 7, '湛康佳', 6, '2022-02-14 15:33:34'),
(172017495, 7, '源山', 6, '2022-02-14 15:33:34'),
(172017496, 6, '溥俊熙', 5, '2022-02-14 15:33:34'),
(172017497, 18, '滑统勋', 7, '2022-02-14 15:33:34'),
(172017498, 8, '滕一诺', 8, '2022-02-14 15:33:34'),
(172017499, 18, '满遥', 8, '2022-02-14 15:33:34'),
(172017500, 4, '漆栾同', 5, '2022-02-14 15:33:34'),
(172017501, 17, '潘滨', 8, '2022-02-14 15:33:34'),
(172017502, 18, '潜宇彤', 7, '2022-02-14 15:33:34'),
(172017503, 18, '潭旗施', 7, '2022-02-14 15:33:34'),
(172017504, 3, '潮梓熙', 6, '2022-02-14 15:33:34'),
(172017505, 3, '澄晨羲', 7, '2022-02-14 15:33:34'),
(172017506, 11, '濮子怡', 7, '2022-02-14 15:33:34'),
(172017507, 14, '濯世鹏', 6, '2022-02-14 15:33:34'),
(172017508, 8, '烟明璨', 8, '2022-02-14 15:33:34'),
(172017509, 12, '焉啸垄', 7, '2022-02-14 15:33:34'),
(172017510, 8, '焦嘉俊', 8, '2022-02-14 15:33:34'),
(172017511, 16, '熊欧辰', 8, '2022-02-14 15:33:34'),
(172017512, 8, '燕树甜', 7, '2022-02-14 15:33:34'),
(172017513, 2, '爱雅雯', 8, '2022-02-14 15:33:34'),
(172017514, 17, '牟怡平', 6, '2022-02-14 15:33:34'),
(172017515, 18, '牢睿', 5, '2022-02-14 15:33:34'),
(172017516, 1, '牧嘉赫', 5, '2022-02-14 15:33:34'),
(172017517, 11, '牵艺硕', 7, '2022-02-14 15:33:34'),
(172017518, 16, '犁帆', 6, '2022-02-14 15:33:34'),
(172017519, 18, '犹炳诺', 8, '2022-02-14 15:33:34'),
(172017520, 18, '狂天硕', 8, '2022-02-14 15:33:34'),
(172017521, 13, '狄世杰', 5, '2022-02-14 15:33:34'),
(172017522, 17, '独翌萱', 8, '2022-02-14 15:33:34'),
(172017523, 17, '玄卓尚', 7, '2022-02-14 15:33:34'),
(172017524, 16, '玉迪', 5, '2022-02-14 15:33:34'),
(172017525, 17, '王炳钛', 8, '2022-02-14 15:33:34'),
(172017526, 9, '环若溪', 5, '2022-02-14 15:33:34'),
(172017527, 14, '班统泽', 5, '2022-02-14 15:33:34'),
(172017528, 3, '理耘博', 6, '2022-02-14 15:33:34'),
(172017529, 16, '琦爱霖', 5, '2022-02-14 15:33:34'),
(172017530, 4, '琴天瑞', 8, '2022-02-14 15:33:34'),
(172017531, 9, '瑞博硕', 7, '2022-02-14 15:33:34'),
(172017532, 1, '璩欣辰', 7, '2022-02-14 15:33:34'),
(172017533, 4, '瓮子贺', 7, '2022-02-14 15:33:34'),
(172017534, 3, '甄雨妍', 5, '2022-02-14 15:33:34'),
(172017535, 9, '甘炜曦', 8, '2022-02-14 15:33:34'),
(172017536, 16, '生建刚', 8, '2022-02-14 15:33:34'),
(172017537, 10, '用洛', 7, '2022-02-14 15:33:34'),
(172017538, 16, '甫子萱', 5, '2022-02-14 15:33:34'),
(172017539, 2, '田爱丹', 6, '2022-02-14 15:33:34'),
(172017540, 13, '由祎芮', 5, '2022-02-14 15:33:34'),
(172017541, 14, '甲玉灿', 8, '2022-02-14 15:33:34'),
(172017542, 12, '申统轩', 5, '2022-02-14 15:33:34'),
(172017543, 3, '畅文斌', 5, '2022-02-14 15:33:34'),
(172017544, 18, '留可歆', 6, '2022-02-14 15:33:34'),
(172017545, 5, '疏天', 7, '2022-02-14 15:33:34'),
(172017546, 6, '登翌耀', 7, '2022-02-14 15:33:34'),
(172017547, 12, '白天瑞', 6, '2022-02-14 15:33:34'),
(172017548, 7, '百凌昊', 8, '2022-02-14 15:33:34'),
(172017549, 7, '皇育柯', 8, '2022-02-14 15:33:34'),
(172017550, 11, '皋若兮', 8, '2022-02-14 15:33:34'),
(172017551, 16, '皮硕辰', 5, '2022-02-14 15:33:34'),
(172017552, 3, '盈沐岩', 7, '2022-02-14 15:33:34'),
(172017553, 7, '益一涵', 7, '2022-02-14 15:33:34'),
(172017554, 12, '盍煜喆', 8, '2022-02-14 15:33:34'),
(172017555, 4, '盖浩然', 5, '2022-02-14 15:33:34'),
(172017556, 18, '盛悦弘', 6, '2022-02-14 15:33:34'),
(172017557, 13, '相楚', 7, '2022-02-14 15:33:34'),
(172017558, 18, '真钰烁', 8, '2022-02-14 15:33:34'),
(172017559, 18, '眭明礼', 5, '2022-02-14 15:33:34'),
(172017560, 11, '睢华', 5, '2022-02-14 15:33:34'),
(172017561, 4, '督沁仪', 6, '2022-02-14 15:33:34'),
(172017562, 12, '睦紫瑶', 8, '2022-02-14 15:33:34'),
(172017563, 12, '瞿芸硕', 5, '2022-02-14 15:33:34'),
(172017564, 8, '矫子钊', 6, '2022-02-14 15:33:34'),
(172017565, 10, '石家淼', 7, '2022-02-14 15:33:34'),
(172017566, 7, '硕雨泽', 5, '2022-02-14 15:33:34'),
(172017567, 7, '碧姝贝', 7, '2022-02-14 15:33:34'),
(172017568, 9, '磨冲', 5, '2022-02-14 15:33:34'),
(172017569, 12, '示梓淇', 8, '2022-02-14 15:33:34'),
(172017570, 7, '礼恺', 7, '2022-02-14 15:33:34'),
(172017571, 12, '祁昊', 7, '2022-02-14 15:33:34'),
(172017572, 2, '祈浩然', 5, '2022-02-14 15:33:34'),
(172017573, 11, '祖蕴轩', 6, '2022-02-14 15:33:34'),
(172017574, 8, '祝俊焱', 7, '2022-02-14 15:33:34'),
(172017575, 2, '祢奕洳', 8, '2022-02-14 15:33:34'),
(172017576, 3, '祭照南', 5, '2022-02-14 15:33:34'),
(172017577, 14, '禄子涵', 5, '2022-02-14 15:33:34'),
(172017578, 12, '福佳沫', 8, '2022-02-14 15:33:34'),
(172017579, 8, '禚正毅', 7, '2022-02-14 15:33:34'),
(172017580, 8, '禹馨冉', 8, '2022-02-14 15:33:34'),
(172017581, 4, '禽家豪', 5, '2022-02-14 15:33:34'),
(172017582, 10, '禾皓', 6, '2022-02-14 15:33:34'),
(172017583, 3, '秋钰珂', 6, '2022-02-14 15:33:34'),
(172017584, 7, '秘昕彤', 8, '2022-02-14 15:33:34'),
(172017585, 10, '秦树泽', 8, '2022-02-14 15:33:34'),
(172017586, 12, '程诗辰', 6, '2022-02-14 15:33:34'),
(172017587, 10, '税艺天', 8, '2022-02-14 15:33:34'),
(172017588, 8, '稽子骞', 8, '2022-02-14 15:33:34'),
(172017589, 9, '穆一鸣', 5, '2022-02-14 15:33:34'),
(172017590, 12, '穰曼', 6, '2022-02-14 15:33:34'),
(172017591, 14, '空慧青', 8, '2022-02-14 15:33:34'),
(172017592, 3, '窦柯一', 7, '2022-02-14 15:33:34'),
(172017593, 4, '章越', 7, '2022-02-14 15:33:34'),
(172017594, 11, '童悦辰', 7, '2022-02-14 15:33:34'),
(172017595, 14, '竭俊轶', 7, '2022-02-14 15:33:34'),
(172017596, 9, '端宇航', 8, '2022-02-14 15:33:34'),
(172017597, 13, '竹一钧', 7, '2022-02-14 15:33:34'),
(172017598, 15, '竺梓豪', 8, '2022-02-14 15:33:34'),
(172017599, 14, '笃婷', 8, '2022-02-14 15:33:34'),
(172017600, 10, '符蓝月', 8, '2022-02-14 15:33:34'),
(172017601, 12, '笪艺霖', 5, '2022-02-14 15:33:34'),
(172017602, 2, '第倚凡', 5, '2022-02-14 15:33:34'),
(172017603, 12, '答绍懿', 7, '2022-02-14 15:33:34'),
(172017604, 13, '简梦媛', 8, '2022-02-14 15:33:34'),
(172017605, 11, '箕镇逵', 6, '2022-02-14 15:33:34'),
(172017606, 10, '管博', 8, '2022-02-14 15:33:34'),
(172017607, 8, '籍博', 8, '2022-02-14 15:33:34'),
(172017608, 9, '米柯欣', 7, '2022-02-14 15:33:34'),
(172017609, 1, '粘永臣', 7, '2022-02-14 15:33:34'),
(172017610, 5, '粟妤', 7, '2022-02-14 15:33:34'),
(172017611, 12, '糜奕冉', 8, '2022-02-14 15:33:34'),
(172017612, 16, '系子儒', 8, '2022-02-14 15:33:34'),
(172017613, 11, '素钰岩', 7, '2022-02-14 15:33:34'),
(172017614, 13, '索乐萱', 6, '2022-02-14 15:33:34'),
(172017615, 8, '紫光磊', 7, '2022-02-14 15:33:34'),
(172017616, 14, '綦悦轩', 5, '2022-02-14 15:33:34'),
(172017617, 4, '繁建宇', 5, '2022-02-14 15:33:34'),
(172017618, 3, '红宏旭', 5, '2022-02-14 15:33:34'),
(172017619, 2, '纪沐阳', 8, '2022-02-14 15:33:34'),
(172017620, 7, '纳曦月', 5, '2022-02-14 15:33:34'),
(172017621, 13, '纵书妍', 6, '2022-02-14 15:33:34'),
(172017622, 15, '线浩迪', 5, '2022-02-14 15:33:34'),
(172017623, 1, '练东江', 8, '2022-02-14 15:33:34'),
(172017624, 15, '终轩', 8, '2022-02-14 15:33:34'),
(172017625, 9, '绍张豪', 7, '2022-02-14 15:33:34'),
(172017626, 3, '经玉宁', 6, '2022-02-14 15:33:34'),
(172017627, 2, '续婷', 6, '2022-02-14 15:33:34'),
(172017628, 2, '绳充', 6, '2022-02-14 15:33:34'),
(172017629, 13, '缑子', 5, '2022-02-14 15:33:34'),
(172017630, 5, '缪殿原', 5, '2022-02-14 15:33:34'),
(172017631, 8, '罗晶', 6, '2022-02-14 15:33:34'),
(172017632, 10, '羊之', 5, '2022-02-14 15:33:34'),
(172017633, 11, '羽玉轩', 8, '2022-02-14 15:33:34'),
(172017634, 13, '羿雨橙', 5, '2022-02-14 15:33:34'),
(172017635, 10, '翁钰欣', 6, '2022-02-14 15:33:34'),
(172017636, 5, '翟毓金', 5, '2022-02-14 15:33:34'),
(172017637, 15, '翠羽沫', 6, '2022-02-14 15:33:34'),
(172017638, 6, '翦龙', 7, '2022-02-14 15:33:34'),
(172017639, 9, '老欣亿', 5, '2022-02-14 15:33:34'),
(172017640, 7, '考欣', 5, '2022-02-14 15:33:34'),
(172017641, 14, '耿士航', 8, '2022-02-14 15:33:34'),
(172017642, 16, '聂政', 6, '2022-02-14 15:33:34'),
(172017643, 10, '聊树灿', 5, '2022-02-14 15:33:34'),
(172017644, 12, '肇嘉', 5, '2022-02-14 15:33:34'),
(172017645, 13, '肖子轩', 5, '2022-02-14 15:33:34'),
(172017646, 9, '肥祖硕', 5, '2022-02-14 15:33:34'),
(172017647, 5, '胡皓轩', 6, '2022-02-14 15:33:34'),
(172017648, 8, '胥诗谣', 7, '2022-02-14 15:33:34'),
(172017649, 8, '能皓宇', 5, '2022-02-14 15:33:34'),
(172017650, 8, '脱景川', 5, '2022-02-14 15:33:34'),
(172017651, 15, '腾雨童', 8, '2022-02-14 15:33:34'),
(172017652, 11, '臧篷璐', 6, '2022-02-14 15:33:34'),
(172017653, 12, '舒圣哲', 6, '2022-02-14 15:33:34'),
(172017654, 16, '舜洋', 8, '2022-02-14 15:33:34'),
(172017655, 14, '良川', 6, '2022-02-14 15:33:34'),
(172017656, 15, '艾雨路', 7, '2022-02-14 15:33:34'),
(172017657, 9, '节誉琳', 8, '2022-02-14 15:33:34'),
(172017658, 4, '芒瑄旗', 5, '2022-02-14 15:33:34'),
(172017659, 16, '芮芳妤', 6, '2022-02-14 15:33:34'),
(172017660, 13, '花东昇', 8, '2022-02-14 15:33:34'),
(172017661, 15, '苌德超', 6, '2022-02-14 15:33:34'),
(172017662, 15, '苏阳', 5, '2022-02-14 15:33:34'),
(172017663, 6, '苑琳贺', 7, '2022-02-14 15:33:34'),
(172017664, 15, '苗洛', 8, '2022-02-14 15:33:34'),
(172017665, 11, '苟子寨', 6, '2022-02-14 15:33:34'),
(172017666, 15, '苦玉戈', 8, '2022-02-14 15:33:34'),
(172017667, 9, '英树珂', 6, '2022-02-14 15:33:34'),
(172017668, 11, '茂洪滨', 8, '2022-02-14 15:33:34'),
(172017669, 10, '范星光', 5, '2022-02-14 15:33:34'),
(172017670, 8, '茅议谣', 6, '2022-02-14 15:33:34'),
(172017671, 13, '茆柯汝', 6, '2022-02-14 15:33:34'),
(172017672, 16, '茹俊衡', 7, '2022-02-14 15:33:34'),
(172017673, 7, '荆羽铮', 5, '2022-02-14 15:33:34'),
(172017674, 14, '荣可', 6, '2022-02-14 15:33:34'),
(172017675, 5, '荤艺童', 5, '2022-02-14 15:33:34'),
(172017676, 6, '莘子涵', 6, '2022-02-14 15:33:34'),
(172017677, 11, '莫艺嘉', 7, '2022-02-14 15:33:34'),
(172017678, 1, '莱子睿', 5, '2022-02-14 15:33:34'),
(172017679, 18, '菅光耀', 5, '2022-02-14 15:33:34'),
(172017680, 1, '营自豪', 7, '2022-02-14 15:33:34'),
(172017681, 4, '萧之', 5, '2022-02-14 15:33:34'),
(172017682, 14, '萨宁馨', 5, '2022-02-14 15:33:34'),
(172017683, 16, '葛一硕', 5, '2022-02-14 15:33:34'),
(172017684, 11, '董克样', 7, '2022-02-14 15:33:34'),
(172017685, 18, '蒉杨', 6, '2022-02-14 15:33:34'),
(172017686, 18, '蒋士娇', 7, '2022-02-14 15:33:34'),
(172017687, 13, '蒙亚龙', 8, '2022-02-14 15:33:34'),
(172017688, 15, '蒯瑜', 6, '2022-02-14 15:33:34'),
(172017689, 15, '蒲艺馨', 7, '2022-02-14 15:33:34'),
(172017690, 6, '蒿朝曦', 5, '2022-02-14 15:33:34'),
(172017691, 3, '蓝毓珂', 6, '2022-02-14 15:33:34'),
(172017692, 16, '蓟雨萓', 5, '2022-02-14 15:33:34'),
(172017693, 6, '蓬宜', 5, '2022-02-14 15:33:34'),
(172017694, 7, '蔚康帅', 8, '2022-02-14 15:33:34'),
(172017695, 15, '蔡舒', 6, '2022-02-14 15:33:34'),
(172017696, 5, '蔺鹏', 7, '2022-02-14 15:33:34'),
(172017697, 8, '薄奕同', 6, '2022-02-14 15:33:34'),
(172017698, 16, '薛自立', 5, '2022-02-14 15:33:34'),
(172017699, 5, '藏惠泽', 7, '2022-02-14 15:33:34'),
(172017700, 9, '藤煜', 5, '2022-02-14 15:33:34'),
(172017701, 15, '藩怡硕', 7, '2022-02-14 15:33:34'),
(172017702, 14, '虞晶晶', 8, '2022-02-14 15:33:34'),
(172017703, 9, '虢宇航', 8, '2022-02-14 15:33:34'),
(172017704, 14, '蚁一莹', 6, '2022-02-14 15:33:34'),
(172017705, 10, '蛮子晨', 5, '2022-02-14 15:33:34'),
(172017706, 8, '融士懿', 6, '2022-02-14 15:33:34'),
(172017707, 4, '衡悦嘉', 8, '2022-02-14 15:33:34'),
(172017708, 4, '衣玉宸', 6, '2022-02-14 15:33:34'),
(172017709, 3, '表奕诺', 8, '2022-02-14 15:33:34'),
(172017710, 12, '衷宇硕', 5, '2022-02-14 15:33:34'),
(172017711, 13, '袁浩圆', 8, '2022-02-14 15:33:34'),
(172017712, 7, '裘玉涵', 7, '2022-02-14 15:33:34'),
(172017713, 11, '裴若', 7, '2022-02-14 15:33:34'),
(172017714, 8, '褒子冉', 7, '2022-02-14 15:33:34'),
(172017715, 5, '褚绍桐', 7, '2022-02-14 15:33:34'),
(172017716, 12, '解树森', 8, '2022-02-14 15:33:34'),
(172017717, 14, '言尚勤', 8, '2022-02-14 15:33:34'),
(172017718, 12, '訾倩', 8, '2022-02-14 15:33:34'),
(172017719, 11, '詹熙炫', 8, '2022-02-14 15:33:34'),
(172017720, 9, '謇纤', 6, '2022-02-14 15:33:34'),
(172017721, 18, '计明昊', 7, '2022-02-14 15:33:34'),
(172017722, 17, '让志丹', 7, '2022-02-14 15:33:34'),
(172017723, 4, '许诗雯', 8, '2022-02-14 15:33:34'),
(172017724, 17, '诗文浩', 8, '2022-02-14 15:33:34'),
(172017725, 14, '说悦', 8, '2022-02-14 15:33:34'),
(172017726, 3, '诸东慧', 8, '2022-02-14 15:33:34'),
(172017727, 17, '诺春依', 6, '2022-02-14 15:33:34'),
(172017728, 16, '谈怡轩', 7, '2022-02-14 15:33:34'),
(172017729, 13, '谌锦玉', 5, '2022-02-14 15:33:34'),
(172017730, 5, '谏俊锡', 5, '2022-02-14 15:33:34'),
(172017731, 4, '谢卜楷', 8, '2022-02-14 15:33:34'),
(172017732, 2, '谬博', 5, '2022-02-14 15:33:34'),
(172017733, 12, '谭怡彤', 7, '2022-02-14 15:33:34'),
(172017734, 15, '谯玉聪', 5, '2022-02-14 15:33:34'),
(172017735, 10, '谷子轩', 6, '2022-02-14 15:33:34'),
(172017736, 6, '豆子硕', 8, '2022-02-14 15:33:34'),
(172017737, 16, '象志诚', 8, '2022-02-14 15:33:34'),
(172017738, 5, '貊浩奇', 6, '2022-02-14 15:33:34'),
(172017739, 4, '贝雯婧', 6, '2022-02-14 15:33:34'),
(172017740, 12, '贡涵博', 6, '2022-02-14 15:33:34'),
(172017741, 11, '贯佳怡', 5, '2022-02-14 15:33:34'),
(172017742, 8, '贰绍轩', 6, '2022-02-14 15:33:34'),
(172017743, 5, '贲小汐', 5, '2022-02-14 15:33:34'),
(172017744, 9, '贵雨婷', 5, '2022-02-14 15:33:34'),
(172017745, 6, '贸树源', 7, '2022-02-14 15:33:34'),
(172017746, 7, '费冰可', 5, '2022-02-14 15:33:34'),
(172017747, 7, '贺诺一', 8, '2022-02-14 15:33:34'),
(172017748, 18, '贾树萱', 6, '2022-02-14 15:33:34'),
(172017749, 10, '资博泽', 6, '2022-02-14 15:33:34'),
(172017750, 18, '赏舒昕', 5, '2022-02-14 15:33:34'),
(172017751, 2, '赖书圻', 6, '2022-02-14 15:33:34'),
(172017752, 6, '赛雨', 6, '2022-02-14 15:33:34'),
(172017753, 4, '赤凯', 5, '2022-02-14 15:33:34'),
(172017754, 16, '赧杉', 7, '2022-02-14 15:33:34'),
(172017755, 5, '赫树衡', 6, '2022-02-14 15:33:34'),
(172017756, 16, '赵雨', 7, '2022-02-14 15:33:34'),
(172017757, 16, '越楠', 7, '2022-02-14 15:33:34'),
(172017758, 17, '路统维', 7, '2022-02-14 15:33:34'),
(172017759, 8, '蹇晓', 8, '2022-02-14 15:33:34'),
(172017760, 11, '蹉硕', 5, '2022-02-14 15:33:34'),
(172017761, 3, '车凌熙', 6, '2022-02-14 15:33:34'),
(172017762, 3, '载鸿吉', 7, '2022-02-14 15:33:34'),
(172017763, 9, '辉景源', 8, '2022-02-14 15:33:34'),
(172017764, 1, '辛嘉蕊', 5, '2022-02-14 15:33:34'),
(172017765, 9, '辜统乐', 7, '2022-02-14 15:33:34'),
(172017766, 18, '辟东耀', 6, '2022-02-14 15:33:34'),
(172017767, 18, '达凯', 8, '2022-02-14 15:33:34'),
(172017768, 12, '过一', 7, '2022-02-14 15:33:34'),
(172017769, 18, '运若溪', 5, '2022-02-14 15:33:34'),
(172017770, 8, '进弋', 7, '2022-02-14 15:33:34'),
(172017771, 6, '连海', 7, '2022-02-14 15:33:34'),
(172017772, 4, '迮桠豪', 6, '2022-02-14 15:33:34'),
(172017773, 18, '逄洋博', 6, '2022-02-14 15:33:34'),
(172017774, 2, '通明阳', 8, '2022-02-14 15:33:34'),
(172017775, 18, '速诗琪', 8, '2022-02-14 15:33:34'),
(172017776, 6, '逢怡彤', 6, '2022-02-14 15:33:34'),
(172017777, 14, '逮艺涵', 6, '2022-02-14 15:33:34'),
(172017778, 18, '逯世豪', 8, '2022-02-14 15:33:34'),
(172017779, 17, '遇哲', 5, '2022-02-14 15:33:34'),
(172017780, 16, '道沐言', 6, '2022-02-14 15:33:34'),
(172017781, 15, '邗钰浩', 8, '2022-02-14 15:33:34'),
(172017782, 15, '邛宏骞', 8, '2022-02-14 15:33:34'),
(172017783, 18, '邝恒豪', 7, '2022-02-14 15:33:34'),
(172017784, 17, '邢子格', 5, '2022-02-14 15:33:34'),
(172017785, 14, '那晨晰', 5, '2022-02-14 15:33:34'),
(172017786, 9, '邬怡玥', 7, '2022-02-14 15:33:34'),
(172017787, 6, '邱响', 6, '2022-02-14 15:33:34'),
(172017788, 5, '邴晓', 7, '2022-02-14 15:33:34'),
(172017789, 15, '邵圣贤', 8, '2022-02-14 15:33:34'),
(172017790, 6, '邶露宜', 7, '2022-02-14 15:33:34'),
(172017791, 6, '邸博潇', 8, '2022-02-14 15:33:34'),
(172017792, 5, '邹宇杰', 5, '2022-02-14 15:33:34'),
(172017793, 12, '郁杰', 5, '2022-02-14 15:33:34'),
(172017794, 18, '郎子谦', 7, '2022-02-14 15:33:34'),
(172017795, 17, '郏灏森', 8, '2022-02-14 15:33:34'),
(172017796, 5, '郑芯依', 7, '2022-02-14 15:33:34'),
(172017797, 1, '郗子豪', 5, '2022-02-14 15:33:34'),
(172017798, 18, '郜天朝', 7, '2022-02-14 15:33:34'),
(172017799, 5, '郝茂庭', 6, '2022-02-14 15:33:34'),
(172017800, 1, '郦晟华', 7, '2022-02-14 15:33:34'),
(172017801, 13, '郭洺华', 8, '2022-02-14 15:33:34'),
(172017802, 14, '郸斐然', 7, '2022-02-14 15:33:34'),
(172017803, 4, '都凌萓', 8, '2022-02-14 15:33:34'),
(172017804, 13, '鄂鑫哲', 7, '2022-02-14 15:33:34'),
(172017805, 11, '鄞熙晨', 6, '2022-02-14 15:33:34'),
(172017806, 13, '鄢炎昊', 8, '2022-02-14 15:33:34'),
(172017807, 1, '酆峻珲', 8, '2022-02-14 15:33:34'),
(172017808, 12, '酒柯言', 8, '2022-02-14 15:33:34'),
(172017809, 1, '释统元', 7, '2022-02-14 15:33:34'),
(172017810, 16, '野浩然', 6, '2022-02-14 15:33:34'),
(172017811, 12, '金梓轩', 7, '2022-02-14 15:33:34'),
(172017812, 2, '针奥哲', 8, '2022-02-14 15:33:34'),
(172017813, 8, '钊子诺', 6, '2022-02-14 15:33:34'),
(172017814, 6, '钞墨', 6, '2022-02-14 15:33:34'),
(172017815, 18, '钦子墨', 7, '2022-02-14 15:33:34'),
(172017816, 11, '钭光远', 8, '2022-02-14 15:33:34'),
(172017817, 14, '钱子源', 6, '2022-02-14 15:33:34'),
(172017818, 4, '铎溢洋', 6, '2022-02-14 15:33:34'),
(172017819, 1, '银子武', 6, '2022-02-14 15:33:34'),
(172017820, 7, '锁雨涵', 8, '2022-02-14 15:33:34'),
(172017821, 13, '锐红毅', 5, '2022-02-14 15:33:34'),
(172017822, 10, '错柚溪', 5, '2022-02-14 15:33:34'),
(172017823, 10, '锺涵', 5, '2022-02-14 15:33:34'),
(172017824, 17, '镇佳鑫', 7, '2022-02-14 15:33:34'),
(172017825, 1, '镜艺诺', 6, '2022-02-14 15:33:34'),
(172017826, 18, '长英旭', 7, '2022-02-14 15:33:34'),
(172017827, 16, '门俊鑫', 5, '2022-02-14 15:33:34'),
(172017828, 13, '闪一诺', 5, '2022-02-14 15:33:34'),
(172017829, 10, '闭梓晴', 5, '2022-02-14 15:33:34'),
(172017830, 1, '问久', 6, '2022-02-14 15:33:34'),
(172017831, 10, '闳泽勋', 6, '2022-02-14 15:33:34'),
(172017832, 7, '闵錦', 6, '2022-02-14 15:33:34'),
(172017833, 2, '闻朝炜', 5, '2022-02-14 15:33:34'),
(172017834, 11, '闽世杰', 8, '2022-02-14 15:33:34'),
(172017835, 5, '闾记彤', 7, '2022-02-14 15:33:34'),
(172017836, 7, '阎琬晴', 5, '2022-02-14 15:33:34'),
(172017837, 9, '阙桐', 6, '2022-02-14 15:33:34'),
(172017838, 5, '阚怡萱', 8, '2022-02-14 15:33:34'),
(172017839, 13, '阮小秋', 5, '2022-02-14 15:33:34'),
(172017840, 7, '阳正汉', 7, '2022-02-14 15:33:34'),
(172017841, 1, '阴馨然', 6, '2022-02-14 15:33:34'),
(172017842, 2, '阿文博', 8, '2022-02-14 15:33:34'),
(172017843, 3, '陆柯豫', 6, '2022-02-14 15:33:34'),
(172017844, 10, '陈长永', 6, '2022-02-14 15:33:34'),
(172017845, 14, '陶米阳', 8, '2022-02-14 15:33:34'),
(172017846, 3, '隆静欣', 7, '2022-02-14 15:33:34'),
(172017847, 16, '隋英洁', 7, '2022-02-14 15:33:34'),
(172017848, 6, '随佳润', 8, '2022-02-14 15:33:34'),
(172017849, 13, '隐运来', 6, '2022-02-14 15:33:34'),
(172017850, 10, '隗逸翔', 8, '2022-02-14 15:33:34'),
(172017851, 4, '隽书希', 7, '2022-02-14 15:33:34'),
(172017852, 10, '集志鲜', 7, '2022-02-14 15:33:34'),
(172017853, 17, '雍姗', 6, '2022-02-14 15:33:34'),
(172017854, 1, '雪斯', 7, '2022-02-14 15:33:34'),
(172017855, 18, '零浩宇', 5, '2022-02-14 15:33:34'),
(172017856, 9, '雷艺菲', 5, '2022-02-14 15:33:34'),
(172017857, 18, '霍洋', 7, '2022-02-14 15:33:34'),
(172017858, 1, '霜畅', 6, '2022-02-14 15:33:34'),
(172017859, 16, '青芸菡', 7, '2022-02-14 15:33:34'),
(172017860, 14, '靖玉研', 6, '2022-02-14 15:33:34'),
(172017861, 15, '靳鸽', 7, '2022-02-14 15:33:34'),
(172017862, 10, '鞠邦安', 8, '2022-02-14 15:33:34'),
(172017863, 10, '韦雨辰', 7, '2022-02-14 15:33:34'),
(172017864, 17, '韩颖杰', 6, '2022-02-14 15:33:34'),
(172017865, 16, '韶玉萱', 5, '2022-02-14 15:33:34'),
(172017866, 14, '项楠', 6, '2022-02-14 15:33:34'),
(172017867, 18, '须传志', 7, '2022-02-14 15:33:34'),
(172017868, 14, '顿米娅', 7, '2022-02-14 15:33:34'),
(172017869, 17, '频倚轩', 8, '2022-02-14 15:33:34'),
(172017870, 9, '颜涵舒', 5, '2022-02-14 15:33:34'),
(172017871, 5, '风珞', 5, '2022-02-14 15:33:34'),
(172017872, 6, '飞子轩', 5, '2022-02-14 15:33:34'),
(172017873, 8, '饶子睿', 6, '2022-02-14 15:33:34'),
(172017874, 5, '首悦洋', 7, '2022-02-14 15:33:34'),
(172017875, 1, '香梓奥', 6, '2022-02-14 15:33:34'),
(172017876, 17, '马舒婕', 6, '2022-02-14 15:33:34'),
(172017877, 4, '驹涵', 7, '2022-02-14 15:33:34'),
(172017878, 9, '骆润恺', 7, '2022-02-14 15:33:34'),
(172017879, 6, '骑毓琳', 8, '2022-02-14 15:33:34'),
(172017880, 15, '高佳妮', 8, '2022-02-14 15:33:34'),
(172017881, 4, '魏秋梓', 7, '2022-02-14 15:33:34'),
(172017882, 18, '鱼姿言', 7, '2022-02-14 15:33:34'),
(172017883, 12, '鲁子轩', 5, '2022-02-14 15:33:34'),
(172017884, 17, '鲍坤', 6, '2022-02-14 15:33:34'),
(172017885, 17, '鲜云飞', 7, '2022-02-14 15:33:34'),
(172017886, 9, '鹿名哲', 5, '2022-02-14 15:33:34'),
(172017887, 18, '麴晴', 6, '2022-02-14 15:33:34'),
(172017888, 4, '黎雨', 8, '2022-02-14 15:33:34'),
(172017889, 5, '齐俊豪', 5, '2022-02-14 15:33:34'),
(172017890, 8, '龙晨妍', 7, '2022-02-14 15:33:34'),
(172017891, 12, '龚智', 8, '2022-02-14 15:33:34');

CREATE TABLE `teacher` (
  `teacherId` smallint(1) UNSIGNED NOT NULL,
  `subject` varchar(16) NOT NULL,
  `name` varchar(16) DEFAULT NULL
) ENGINE=InnoDB DEFAULT CHARSET=utf8mb4;



INSERT INTO `teacher` (`teacherId`, `subject`, `name`) VALUES
(18000, 'chinese', '能老师'),
(18001, 'chinese', '梁老师'),
(18002, 'chinese', '禄老师'),
(18003, 'chinese', '牢老师'),
(18004, 'math', '仉老师'),
(18005, 'math', '申老师'),
(18006, 'math', '崇老师'),
(18007, 'math', '杜老师'),
(18008, 'math', '森老师'),
(18009, 'english', '向老师'),
(18010, 'english', '肖老师'),
(18011, 'english', '闻老师'),
(18012, 'english', '刁老师'),
(18013, 'english', '霜老师');

ALTER TABLE `classes`
  ADD PRIMARY KEY (`classId`);


ALTER TABLE `student`
  ADD PRIMARY KEY (`studentId`);


ALTER TABLE `teacher`
  ADD PRIMARY KEY (`teacherId`);


ALTER TABLE `classes`
  MODIFY `classId` tinyint(1) NOT NULL AUTO_INCREMENT, AUTO_INCREMENT=19;

CREATE DATABASE IF NOT EXISTS `score` DEFAULT CHARACTER SET utf8mb4 COLLATE utf8mb4_general_ci;
USE `score`;


CREATE TABLE `2020` (
  `studentId` int(1) UNSIGNED NOT NULL,
  `subject` enum('chinese','math','english','') NOT NULL,
  `score` smallint(1) UNSIGNED DEFAULT NULL
) ENGINE=InnoDB DEFAULT CHARSET=utf8mb4;


INSERT INTO `2020` (`studentId`, `subject`, `score`) VALUES
(172017001, 'chinese', 18),
(172017001, 'math', 44),
(172017001, 'english', 52),
(172017002, 'chinese', 25),
(172017002, 'math', 96),
(172017002, 'english', 45),
(172017003, 'chinese', 87),
(172017003, 'math', 84),
(172017003, 'english', 72),
(172017004, 'chinese', 55),
(172017004, 'math', 49),
(172017004, 'english', 29),
(172017005, 'chinese', 94),
(172017005, 'math', 18),
(172017005, 'english', 5),
(172017006, 'chinese', 36),
(172017006, 'math', 32),
(172017006, 'english', 51),
(172017007, 'chinese', 92),
(172017007, 'math', 59),
(172017007, 'english', 3),
(172017008, 'chinese', 82),
(172017008, 'math', 42),
(172017008, 'english', 10),
(172017009, 'chinese', 34),
(172017009, 'math', 77),
(172017009, 'english', 28),
(172017010, 'chinese', 91),
(172017010, 'math', 17),
(172017010, 'english', 70),
(172017011, 'chinese', 82),
(172017011, 'math', 99),
(172017011, 'english', 91),
(172017012, 'chinese', 68),
(172017012, 'math', 14),
(172017012, 'english', 55),
(172017013, 'chinese', 97),
(172017013, 'math', 86),
(172017013, 'english', 39),
(172017014, 'chinese', 84),
(172017014, 'math', 94),
(172017014, 'english', 81),
(172017015, 'chinese', 78),
(172017015, 'math', 97),
(172017015, 'english', 85),
(172017016, 'chinese', 94),
(172017016, 'math', 91),
(172017016, 'english', 34),
(172017017, 'chinese', 79),
(172017017, 'math', 63),
(172017017, 'english', 85),
(172017018, 'chinese', 53),
(172017018, 'math', 74),
(172017018, 'english', 97),
(172017019, 'chinese', 51),
(172017019, 'math', 15),
(172017019, 'english', 55),
(172017020, 'chinese', 92),
(172017020, 'math', 37),
(172017020, 'english', 37),
(172017021, 'chinese', 90),
(172017021, 'math', 62),
(172017021, 'english', 91),
(172017022, 'chinese', 89),
(172017022, 'math', 34),
(172017022, 'english', 97),
(172017023, 'chinese', 66),
(172017023, 'math', 13),
(172017023, 'english', 48),
(172017024, 'chinese', 84),
(172017024, 'math', 75),
(172017024, 'english', 96),
(172017025, 'chinese', 99),
(172017025, 'math', 87),
(172017025, 'english', 70),
(172017026, 'chinese', 26),
(172017026, 'math', 88),
(172017026, 'english', 98),
(172017027, 'chinese', 88),
(172017027, 'math', 94),
(172017027, 'english', 95),
(172017028, 'chinese', 71),
(172017028, 'math', 93),
(172017028, 'english', 38),
(172017029, 'chinese', 60),
(172017029, 'math', 68),
(172017029, 'english', 96),
(172017030, 'chinese', 88),
(172017030, 'math', 74),
(172017030, 'english', 63),
(172017031, 'chinese', 64),
(172017031, 'math', 26),
(172017031, 'english', 47),
(172017032, 'chinese', 96),
(172017032, 'math', 88),
(172017032, 'english', 65),
(172017033, 'chinese', 99),
(172017033, 'math', 93),
(172017033, 'english', 94),
(172017034, 'chinese', 94),
(172017034, 'math', 26),
(172017034, 'english', 79),
(172017035, 'chinese', 91),
(172017035, 'math', 91),
(172017035, 'english', 97),
(172017036, 'chinese', 44),
(172017036, 'math', 8),
(172017036, 'english', 87),
(172017037, 'chinese', 85),
(172017037, 'math', 38),
(172017037, 'english', 85),
(172017038, 'chinese', 43),
(172017038, 'math', 25),
(172017038, 'english', 21),
(172017039, 'chinese', 84),
(172017039, 'math', 10),
(172017039, 'english', 60),
(172017040, 'chinese', 44),
(172017040, 'math', 73),
(172017040, 'english', 98),
(172017041, 'chinese', 28),
(172017041, 'math', 88),
(172017041, 'english', 74),
(172017042, 'chinese', 99),
(172017042, 'math', 91),
(172017042, 'english', 99),
(172017043, 'chinese', 61),
(172017043, 'math', 58),
(172017043, 'english', 60),
(172017044, 'chinese', 66),
(172017044, 'math', 44),
(172017044, 'english', 59),
(172017045, 'chinese', 73),
(172017045, 'math', 60),
(172017045, 'english', 97),
(172017046, 'chinese', 17),
(172017046, 'math', 86),
(172017046, 'english', 48),
(172017047, 'chinese', 22),
(172017047, 'math', 80),
(172017047, 'english', 38),
(172017048, 'chinese', 8),
(172017048, 'math', 50),
(172017048, 'english', 98),
(172017049, 'chinese', 85),
(172017049, 'math', 93),
(172017049, 'english', 96),
(172017050, 'chinese', 24),
(172017050, 'math', 81),
(172017050, 'english', 92),
(172017051, 'chinese', 40),
(172017051, 'math', 75),
(172017051, 'english', 48),
(172017052, 'chinese', 50),
(172017052, 'math', 94),
(172017052, 'english', 19),
(172017053, 'chinese', 0),
(172017053, 'math', 69),
(172017053, 'english', 80),
(172017054, 'chinese', 25),
(172017054, 'math', 93),
(172017054, 'english', 76),
(172017055, 'chinese', 71),
(172017055, 'math', 64),
(172017055, 'english', 93),
(172017056, 'chinese', 87),
(172017056, 'math', 98),
(172017056, 'english', 93),
(172017057, 'chinese', 67),
(172017057, 'math', 78),
(172017057, 'english', 96),
(172017058, 'chinese', 51),
(172017058, 'math', 95),
(172017058, 'english', 59),
(172017059, 'chinese', 46),
(172017059, 'math', 51),
(172017059, 'english', 8),
(172017060, 'chinese', 93),
(172017060, 'math', 95),
(172017060, 'english', 92),
(172017061, 'chinese', 99),
(172017061, 'math', 18),
(172017061, 'english', 90),
(172017062, 'chinese', 61),
(172017062, 'math', 39),
(172017062, 'english', 94),
(172017063, 'chinese', 79),
(172017063, 'math', 80),
(172017063, 'english', 72),
(172017064, 'chinese', 78),
(172017064, 'math', 57),
(172017064, 'english', 41),
(172017065, 'chinese', 82),
(172017065, 'math', 44),
(172017065, 'english', 33),
(172017066, 'chinese', 51),
(172017066, 'math', 96),
(172017066, 'english', 8),
(172017067, 'chinese', 75),
(172017067, 'math', 61),
(172017067, 'english', 85),
(172017068, 'chinese', 55),
(172017068, 'math', 87),
(172017068, 'english', 89),
(172017069, 'chinese', 97),
(172017069, 'math', 54),
(172017069, 'english', 52),
(172017070, 'chinese', 82),
(172017070, 'math', 16),
(172017070, 'english', 39),
(172017071, 'chinese', 99),
(172017071, 'math', 46),
(172017071, 'english', 63),
(172017072, 'chinese', 97),
(172017072, 'math', 56),
(172017072, 'english', 87),
(172017073, 'chinese', 79),
(172017073, 'math', 43),
(172017073, 'english', 91),
(172017074, 'chinese', 80),
(172017074, 'math', 92),
(172017074, 'english', 73),
(172017075, 'chinese', 84),
(172017075, 'math', 52),
(172017075, 'english', 24),
(172017076, 'chinese', 62),
(172017076, 'math', 74),
(172017076, 'english', 60),
(172017077, 'chinese', 57),
(172017077, 'math', 21),
(172017077, 'english', 63),
(172017078, 'chinese', 1),
(172017078, 'math', 59),
(172017078, 'english', 72),
(172017079, 'chinese', 99),
(172017079, 'math', 91),
(172017079, 'english', 86),
(172017080, 'chinese', 99),
(172017080, 'math', 87),
(172017080, 'english', 83),
(172017081, 'chinese', 66),
(172017081, 'math', 69),
(172017081, 'english', 49),
(172017082, 'chinese', 37),
(172017082, 'math', 48),
(172017082, 'english', 30),
(172017083, 'chinese', 49),
(172017083, 'math', 52),
(172017083, 'english', 85),
(172017084, 'chinese', 54),
(172017084, 'math', 44),
(172017084, 'english', 59),
(172017085, 'chinese', 97),
(172017085, 'math', 32),
(172017085, 'english', 98),
(172017086, 'chinese', 68),
(172017086, 'math', 13),
(172017086, 'english', 66),
(172017087, 'chinese', 92),
(172017087, 'math', 90),
(172017087, 'english', 28),
(172017088, 'chinese', 29),
(172017088, 'math', 77),
(172017088, 'english', 73),
(172017089, 'chinese', 82),
(172017089, 'math', 59),
(172017089, 'english', 68),
(172017090, 'chinese', 99),
(172017090, 'math', 73),
(172017090, 'english', 95),
(172017091, 'chinese', 36),
(172017091, 'math', 67),
(172017091, 'english', 76),
(172017092, 'chinese', 94),
(172017092, 'math', 90),
(172017092, 'english', 81),
(172017093, 'chinese', 98),
(172017093, 'math', 94),
(172017093, 'english', 40),
(172017094, 'chinese', 49),
(172017094, 'math', 81),
(172017094, 'english', 90),
(172017095, 'chinese', 92),
(172017095, 'math', 81),
(172017095, 'english', 78),
(172017096, 'chinese', 95),
(172017096, 'math', 77),
(172017096, 'english', 50),
(172017097, 'chinese', 90),
(172017097, 'math', 55),
(172017097, 'english', 72),
(172017098, 'chinese', 41),
(172017098, 'math', 18),
(172017098, 'english', 81),
(172017099, 'chinese', 45),
(172017099, 'math', 63),
(172017099, 'english', 99),
(172017100, 'chinese', 97),
(172017100, 'math', 43),
(172017100, 'english', 70),
(172017101, 'chinese', 67),
(172017101, 'math', 71),
(172017101, 'english', 71),
(172017102, 'chinese', 75),
(172017102, 'math', 65),
(172017102, 'english', 98),
(172017103, 'chinese', 99),
(172017103, 'math', 79),
(172017103, 'english', 24),
(172017104, 'chinese', 95),
(172017104, 'math', 86),
(172017104, 'english', 83),
(172017105, 'chinese', 4),
(172017105, 'math', 70),
(172017105, 'english', 72),
(172017106, 'chinese', 92),
(172017106, 'math', 72),
(172017106, 'english', 73),
(172017107, 'chinese', 99),
(172017107, 'math', 33),
(172017107, 'english', 78),
(172017108, 'chinese', 94),
(172017108, 'math', 17),
(172017108, 'english', 72),
(172017109, 'chinese', 53),
(172017109, 'math', 87),
(172017109, 'english', 47),
(172017110, 'chinese', 54),
(172017110, 'math', 95),
(172017110, 'english', 35),
(172017111, 'chinese', 44),
(172017111, 'math', 79),
(172017111, 'english', 79),
(172017112, 'chinese', 67),
(172017112, 'math', 99),
(172017112, 'english', 65),
(172017113, 'chinese', 53),
(172017113, 'math', 87),
(172017113, 'english', 69),
(172017114, 'chinese', 52),
(172017114, 'math', 16),
(172017114, 'english', 34),
(172017115, 'chinese', 87),
(172017115, 'math', 2),
(172017115, 'english', 84),
(172017116, 'chinese', 39),
(172017116, 'math', 64),
(172017116, 'english', 70),
(172017117, 'chinese', 56),
(172017117, 'math', 99),
(172017117, 'english', 55),
(172017118, 'chinese', 33),
(172017118, 'math', 12),
(172017118, 'english', 87),
(172017119, 'chinese', 7),
(172017119, 'math', 35),
(172017119, 'english', 8),
(172017120, 'chinese', 79),
(172017120, 'math', 37),
(172017120, 'english', 71),
(172017121, 'chinese', 63),
(172017121, 'math', 93),
(172017121, 'english', 83),
(172017122, 'chinese', 98),
(172017122, 'math', 74),
(172017122, 'english', 63),
(172017123, 'chinese', 67),
(172017123, 'math', 41),
(172017123, 'english', 45),
(172017124, 'chinese', 81),
(172017124, 'math', 75),
(172017124, 'english', 45),
(172017125, 'chinese', 49),
(172017125, 'math', 88),
(172017125, 'english', 44),
(172017126, 'chinese', 85),
(172017126, 'math', 98),
(172017126, 'english', 64),
(172017127, 'chinese', 57),
(172017127, 'math', 48),
(172017127, 'english', 61),
(172017128, 'chinese', 93),
(172017128, 'math', 57),
(172017128, 'english', 19),
(172017129, 'chinese', 92),
(172017129, 'math', 68),
(172017129, 'english', 96),
(172017130, 'chinese', 50),
(172017130, 'math', 84),
(172017130, 'english', 78),
(172017131, 'chinese', 96),
(172017131, 'math', 85),
(172017131, 'english', 90),
(172017132, 'chinese', 87),
(172017132, 'math', 98),
(172017132, 'english', 9),
(172017133, 'chinese', 81),
(172017133, 'math', 93),
(172017133, 'english', 33),
(172017134, 'chinese', 77),
(172017134, 'math', 25),
(172017134, 'english', 47),
(172017135, 'chinese', 53),
(172017135, 'math', 56),
(172017135, 'english', 82),
(172017136, 'chinese', 87),
(172017136, 'math', 98),
(172017136, 'english', 87),
(172017137, 'chinese', 81),
(172017137, 'math', 91),
(172017137, 'english', 83),
(172017138, 'chinese', 61),
(172017138, 'math', 44),
(172017138, 'english', 71),
(172017139, 'chinese', 96),
(172017139, 'math', 24),
(172017139, 'english', 95),
(172017140, 'chinese', 94),
(172017140, 'math', 69),
(172017140, 'english', 21),
(172017141, 'chinese', 90),
(172017141, 'math', 12),
(172017141, 'english', 99),
(172017142, 'chinese', 38),
(172017142, 'math', 54),
(172017142, 'english', 81),
(172017143, 'chinese', 74),
(172017143, 'math', 75),
(172017143, 'english', 63),
(172017144, 'chinese', 82),
(172017144, 'math', 82),
(172017144, 'english', 96),
(172017145, 'chinese', 49),
(172017145, 'math', 95),
(172017145, 'english', 80),
(172017146, 'chinese', 96),
(172017146, 'math', 44),
(172017146, 'english', 74),
(172017147, 'chinese', 21),
(172017147, 'math', 74),
(172017147, 'english', 82),
(172017148, 'chinese', 99),
(172017148, 'math', 69),
(172017148, 'english', 56),
(172017149, 'chinese', 1),
(172017149, 'math', 43),
(172017149, 'english', 9),
(172017150, 'chinese', 56),
(172017150, 'math', 88),
(172017150, 'english', 82),
(172017151, 'chinese', 93),
(172017151, 'math', 52),
(172017151, 'english', 87),
(172017152, 'chinese', 49),
(172017152, 'math', 45),
(172017152, 'english', 61),
(172017153, 'chinese', 82),
(172017153, 'math', 2),
(172017153, 'english', 98),
(172017154, 'chinese', 88),
(172017154, 'math', 89),
(172017154, 'english', 92),
(172017155, 'chinese', 65),
(172017155, 'math', 96),
(172017155, 'english', 47),
(172017156, 'chinese', 73),
(172017156, 'math', 93),
(172017156, 'english', 62),
(172017157, 'chinese', 83),
(172017157, 'math', 82),
(172017157, 'english', 92),
(172017158, 'chinese', 97),
(172017158, 'math', 87),
(172017158, 'english', 89),
(172017159, 'chinese', 89),
(172017159, 'math', 81),
(172017159, 'english', 91),
(172017160, 'chinese', 89),
(172017160, 'math', 78),
(172017160, 'english', 19),
(172017161, 'chinese', 91),
(172017161, 'math', 80),
(172017161, 'english', 56),
(172017162, 'chinese', 98),
(172017162, 'math', 91),
(172017162, 'english', 93),
(172017163, 'chinese', 44),
(172017163, 'math', 81),
(172017163, 'english', 64),
(172017164, 'chinese', 74),
(172017164, 'math', 93),
(172017164, 'english', 95),
(172017165, 'chinese', 73),
(172017165, 'math', 43),
(172017165, 'english', 92),
(172017166, 'chinese', 80),
(172017166, 'math', 72),
(172017166, 'english', 48),
(172017167, 'chinese', 63),
(172017167, 'math', 79),
(172017167, 'english', 98),
(172017168, 'chinese', 41),
(172017168, 'math', 86),
(172017168, 'english', 83),
(172017169, 'chinese', 93),
(172017169, 'math', 15),
(172017169, 'english', 43),
(172017170, 'chinese', 85),
(172017170, 'math', 61),
(172017170, 'english', 98),
(172017171, 'chinese', 74),
(172017171, 'math', 12),
(172017171, 'english', 3),
(172017172, 'chinese', 75),
(172017172, 'math', 75),
(172017172, 'english', 82),
(172017173, 'chinese', 24),
(172017173, 'math', 71),
(172017173, 'english', 72),
(172017174, 'chinese', 83),
(172017174, 'math', 68),
(172017174, 'english', 29),
(172017175, 'chinese', 62),
(172017175, 'math', 70),
(172017175, 'english', 54),
(172017176, 'chinese', 85),
(172017176, 'math', 93),
(172017176, 'english', 45),
(172017177, 'chinese', 72),
(172017177, 'math', 88),
(172017177, 'english', 85),
(172017178, 'chinese', 86),
(172017178, 'math', 75),
(172017178, 'english', 87),
(172017179, 'chinese', 46),
(172017179, 'math', 94),
(172017179, 'english', 75),
(172017180, 'chinese', 73),
(172017180, 'math', 76),
(172017180, 'english', 8),
(172017181, 'chinese', 81),
(172017181, 'math', 98),
(172017181, 'english', 63),
(172017182, 'chinese', 52),
(172017182, 'math', 30),
(172017182, 'english', 86),
(172017183, 'chinese', 29),
(172017183, 'math', 30),
(172017183, 'english', 74),
(172017184, 'chinese', 10),
(172017184, 'math', 91),
(172017184, 'english', 91),
(172017185, 'chinese', 44),
(172017185, 'math', 14),
(172017185, 'english', 84),
(172017186, 'chinese', 48),
(172017186, 'math', 6),
(172017186, 'english', 86),
(172017187, 'chinese', 70),
(172017187, 'math', 85),
(172017187, 'english', 38),
(172017188, 'chinese', 97),
(172017188, 'math', 94),
(172017188, 'english', 2),
(172017189, 'chinese', 97),
(172017189, 'math', 64),
(172017189, 'english', 67),
(172017190, 'chinese', 35),
(172017190, 'math', 59),
(172017190, 'english', 29),
(172017191, 'chinese', 82),
(172017191, 'math', 1),
(172017191, 'english', 35),
(172017192, 'chinese', 85),
(172017192, 'math', 99),
(172017192, 'english', 28),
(172017193, 'chinese', 89),
(172017193, 'math', 94),
(172017193, 'english', 44),
(172017194, 'chinese', 5),
(172017194, 'math', 12),
(172017194, 'english', 78),
(172017195, 'chinese', 13),
(172017195, 'math', 68),
(172017195, 'english', 81),
(172017196, 'chinese', 98),
(172017196, 'math', 54),
(172017196, 'english', 91),
(172017197, 'chinese', 29),
(172017197, 'math', 96),
(172017197, 'english', 99),
(172017198, 'chinese', 31),
(172017198, 'math', 87),
(172017198, 'english', 17),
(172017199, 'chinese', 74),
(172017199, 'math', 61),
(172017199, 'english', 5),
(172017200, 'chinese', 53),
(172017200, 'math', 92),
(172017200, 'english', 23),
(172017201, 'chinese', 88),
(172017201, 'math', 50),
(172017201, 'english', 85),
(172017202, 'chinese', 91),
(172017202, 'math', 32),
(172017202, 'english', 78),
(172017203, 'chinese', 76),
(172017203, 'math', 89),
(172017203, 'english', 38),
(172017204, 'chinese', 57),
(172017204, 'math', 50),
(172017204, 'english', 1),
(172017205, 'chinese', 82),
(172017205, 'math', 76),
(172017205, 'english', 29),
(172017206, 'chinese', 57),
(172017206, 'math', 78),
(172017206, 'english', 81),
(172017207, 'chinese', 92),
(172017207, 'math', 81),
(172017207, 'english', 88),
(172017208, 'chinese', 42),
(172017208, 'math', 56),
(172017208, 'english', 78),
(172017209, 'chinese', 87),
(172017209, 'math', 96),
(172017209, 'english', 57),
(172017210, 'chinese', 66),
(172017210, 'math', 77),
(172017210, 'english', 71),
(172017211, 'chinese', 99),
(172017211, 'math', 98),
(172017211, 'english', 43),
(172017212, 'chinese', 78),
(172017212, 'math', 99),
(172017212, 'english', 32),
(172017213, 'chinese', 73),
(172017213, 'math', 37),
(172017213, 'english', 78),
(172017214, 'chinese', 64),
(172017214, 'math', 7),
(172017214, 'english', 94),
(172017215, 'chinese', 79),
(172017215, 'math', 67),
(172017215, 'english', 71),
(172017216, 'chinese', 39),
(172017216, 'math', 35),
(172017216, 'english', 89),
(172017217, 'chinese', 63),
(172017217, 'math', 78),
(172017217, 'english', 84),
(172017218, 'chinese', 99),
(172017218, 'math', 39),
(172017218, 'english', 47),
(172017219, 'chinese', 88),
(172017219, 'math', 93),
(172017219, 'english', 15),
(172017220, 'chinese', 67),
(172017220, 'math', 54),
(172017220, 'english', 95),
(172017221, 'chinese', 82),
(172017221, 'math', 66),
(172017221, 'english', 48),
(172017222, 'chinese', 74),
(172017222, 'math', 90),
(172017222, 'english', 96),
(172017223, 'chinese', 38),
(172017223, 'math', 90),
(172017223, 'english', 50),
(172017224, 'chinese', 51),
(172017224, 'math', 17),
(172017224, 'english', 88),
(172017225, 'chinese', 43),
(172017225, 'math', 49),
(172017225, 'english', 79),
(172017226, 'chinese', 79),
(172017226, 'math', 19),
(172017226, 'english', 89),
(172017227, 'chinese', 66),
(172017227, 'math', 78),
(172017227, 'english', 30),
(172017228, 'chinese', 68),
(172017228, 'math', 89),
(172017228, 'english', 48),
(172017229, 'chinese', 92),
(172017229, 'math', 62),
(172017229, 'english', 96),
(172017230, 'chinese', 74),
(172017230, 'math', 89),
(172017230, 'english', 89),
(172017231, 'chinese', 10),
(172017231, 'math', 83),
(172017231, 'english', 97),
(172017232, 'chinese', 26),
(172017232, 'math', 72),
(172017232, 'english', 14),
(172017233, 'chinese', 83),
(172017233, 'math', 79),
(172017233, 'english', 83),
(172017234, 'chinese', 3),
(172017234, 'math', 41),
(172017234, 'english', 26),
(172017235, 'chinese', 99),
(172017235, 'math', 86),
(172017235, 'english', 4),
(172017236, 'chinese', 92),
(172017236, 'math', 62),
(172017236, 'english', 94),
(172017237, 'chinese', 18),
(172017237, 'math', 71),
(172017237, 'english', 62),
(172017238, 'chinese', 34),
(172017238, 'math', 46),
(172017238, 'english', 77),
(172017239, 'chinese', 23),
(172017239, 'math', 56),
(172017239, 'english', 95),
(172017240, 'chinese', 70),
(172017240, 'math', 51),
(172017240, 'english', 91),
(172017241, 'chinese', 39),
(172017241, 'math', 82),
(172017241, 'english', 74),
(172017242, 'chinese', 83),
(172017242, 'math', 70),
(172017242, 'english', 95),
(172017243, 'chinese', 24),
(172017243, 'math', 94),
(172017243, 'english', 43),
(172017244, 'chinese', 96),
(172017244, 'math', 82),
(172017244, 'english', 87),
(172017245, 'chinese', 97),
(172017245, 'math', 99),
(172017245, 'english', 89),
(172017246, 'chinese', 63),
(172017246, 'math', 93),
(172017246, 'english', 90),
(172017247, 'chinese', 73),
(172017247, 'math', 53),
(172017247, 'english', 16),
(172017248, 'chinese', 14),
(172017248, 'math', 82),
(172017248, 'english', 69),
(172017249, 'chinese', 58),
(172017249, 'math', 47),
(172017249, 'english', 57),
(172017250, 'chinese', 92),
(172017250, 'math', 80),
(172017250, 'english', 98),
(172017251, 'chinese', 45),
(172017251, 'math', 57),
(172017251, 'english', 58),
(172017252, 'chinese', 90),
(172017252, 'math', 46),
(172017252, 'english', 42),
(172017253, 'chinese', 84),
(172017253, 'math', 99),
(172017253, 'english', 87),
(172017254, 'chinese', 40),
(172017254, 'math', 38),
(172017254, 'english', 70),
(172017255, 'chinese', 92),
(172017255, 'math', 71),
(172017255, 'english', 35),
(172017256, 'chinese', 21),
(172017256, 'math', 90),
(172017256, 'english', 67),
(172017257, 'chinese', 49),
(172017257, 'math', 78),
(172017257, 'english', 87),
(172017258, 'chinese', 93),
(172017258, 'math', 27),
(172017258, 'english', 74),
(172017259, 'chinese', 65),
(172017259, 'math', 46),
(172017259, 'english', 56),
(172017260, 'chinese', 66),
(172017260, 'math', 68),
(172017260, 'english', 72),
(172017261, 'chinese', 98),
(172017261, 'math', 80),
(172017261, 'english', 88),
(172017262, 'chinese', 51),
(172017262, 'math', 87),
(172017262, 'english', 84),
(172017263, 'chinese', 68),
(172017263, 'math', 78),
(172017263, 'english', 97),
(172017264, 'chinese', 39),
(172017264, 'math', 95),
(172017264, 'english', 93),
(172017265, 'chinese', 75),
(172017265, 'math', 66),
(172017265, 'english', 90),
(172017266, 'chinese', 87),
(172017266, 'math', 71),
(172017266, 'english', 91),
(172017267, 'chinese', 36),
(172017267, 'math', 99),
(172017267, 'english', 35),
(172017268, 'chinese', 11),
(172017268, 'math', 75),
(172017268, 'english', 34),
(172017269, 'chinese', 20),
(172017269, 'math', 62),
(172017269, 'english', 88),
(172017270, 'chinese', 7),
(172017270, 'math', 76),
(172017270, 'english', 89),
(172017271, 'chinese', 37),
(172017271, 'math', 51),
(172017271, 'english', 53),
(172017272, 'chinese', 87),
(172017272, 'math', 41),
(172017272, 'english', 95),
(172017273, 'chinese', 29),
(172017273, 'math', 20),
(172017273, 'english', 86),
(172017274, 'chinese', 46),
(172017274, 'math', 59),
(172017274, 'english', 27),
(172017275, 'chinese', 52),
(172017275, 'math', 93),
(172017275, 'english', 70),
(172017276, 'chinese', 89),
(172017276, 'math', 97),
(172017276, 'english', 50),
(172017277, 'chinese', 82),
(172017277, 'math', 38),
(172017277, 'english', 95),
(172017278, 'chinese', 80),
(172017278, 'math', 80),
(172017278, 'english', 89),
(172017279, 'chinese', 49),
(172017279, 'math', 87),
(172017279, 'english', 98),
(172017280, 'chinese', 57),
(172017280, 'math', 94),
(172017280, 'english', 95),
(172017281, 'chinese', 52),
(172017281, 'math', 95),
(172017281, 'english', 98),
(172017282, 'chinese', 52),
(172017282, 'math', 49),
(172017282, 'english', 86),
(172017283, 'chinese', 81),
(172017283, 'math', 46),
(172017283, 'english', 95),
(172017284, 'chinese', 92),
(172017284, 'math', 78),
(172017284, 'english', 20),
(172017285, 'chinese', 72),
(172017285, 'math', 61),
(172017285, 'english', 75),
(172017286, 'chinese', 98),
(172017286, 'math', 92),
(172017286, 'english', 59),
(172017287, 'chinese', 99),
(172017287, 'math', 3),
(172017287, 'english', 90),
(172017288, 'chinese', 70),
(172017288, 'math', 89),
(172017288, 'english', 33),
(172017289, 'chinese', 86),
(172017289, 'math', 12),
(172017289, 'english', 74),
(172017290, 'chinese', 94),
(172017290, 'math', 81),
(172017290, 'english', 68),
(172017291, 'chinese', 83),
(172017291, 'math', 95),
(172017291, 'english', 28),
(172017292, 'chinese', 34),
(172017292, 'math', 86),
(172017292, 'english', 78),
(172017293, 'chinese', 91),
(172017293, 'math', 92),
(172017293, 'english', 98),
(172017294, 'chinese', 86),
(172017294, 'math', 68),
(172017294, 'english', 66),
(172017295, 'chinese', 71),
(172017295, 'math', 83),
(172017295, 'english', 98),
(172017296, 'chinese', 81),
(172017296, 'math', 87),
(172017296, 'english', 92),
(172017297, 'chinese', 79),
(172017297, 'math', 89),
(172017297, 'english', 7),
(172017298, 'chinese', 65),
(172017298, 'math', 93),
(172017298, 'english', 98),
(172017299, 'chinese', 0),
(172017299, 'math', 62),
(172017299, 'english', 59),
(172017300, 'chinese', 10),
(172017300, 'math', 99),
(172017300, 'english', 87),
(172017301, 'chinese', 85),
(172017301, 'math', 17),
(172017301, 'english', 49),
(172017302, 'chinese', 95),
(172017302, 'math', 51),
(172017302, 'english', 48),
(172017303, 'chinese', 77),
(172017303, 'math', 41),
(172017303, 'english', 47),
(172017304, 'chinese', 57),
(172017304, 'math', 67),
(172017304, 'english', 97),
(172017305, 'chinese', 62),
(172017305, 'math', 36),
(172017305, 'english', 68),
(172017306, 'chinese', 99),
(172017306, 'math', 69),
(172017306, 'english', 65),
(172017307, 'chinese', 73),
(172017307, 'math', 67),
(172017307, 'english', 91),
(172017308, 'chinese', 39),
(172017308, 'math', 93),
(172017308, 'english', 85),
(172017309, 'chinese', 69),
(172017309, 'math', 16),
(172017309, 'english', 95),
(172017310, 'chinese', 85),
(172017310, 'math', 72),
(172017310, 'english', 29),
(172017311, 'chinese', 38),
(172017311, 'math', 81),
(172017311, 'english', 33),
(172017312, 'chinese', 69),
(172017312, 'math', 98),
(172017312, 'english', 67),
(172017313, 'chinese', 95),
(172017313, 'math', 2),
(172017313, 'english', 94),
(172017314, 'chinese', 57),
(172017314, 'math', 46),
(172017314, 'english', 93),
(172017315, 'chinese', 80),
(172017315, 'math', 97),
(172017315, 'english', 94),
(172017316, 'chinese', 23),
(172017316, 'math', 88),
(172017316, 'english', 94),
(172017317, 'chinese', 78),
(172017317, 'math', 76),
(172017317, 'english', 85),
(172017318, 'chinese', 91),
(172017318, 'math', 33),
(172017318, 'english', 99),
(172017319, 'chinese', 56),
(172017319, 'math', 63),
(172017319, 'english', 37),
(172017320, 'chinese', 30),
(172017320, 'math', 83),
(172017320, 'english', 87),
(172017321, 'chinese', 69),
(172017321, 'math', 54),
(172017321, 'english', 90),
(172017322, 'chinese', 91),
(172017322, 'math', 98),
(172017322, 'english', 30),
(172017323, 'chinese', 29),
(172017323, 'math', 35),
(172017323, 'english', 41),
(172017324, 'chinese', 67),
(172017324, 'math', 27),
(172017324, 'english', 68),
(172017325, 'chinese', 97),
(172017325, 'math', 59),
(172017325, 'english', 73),
(172017326, 'chinese', 81),
(172017326, 'math', 3),
(172017326, 'english', 49),
(172017327, 'chinese', 73),
(172017327, 'math', 98),
(172017327, 'english', 84),
(172017328, 'chinese', 44),
(172017328, 'math', 54),
(172017328, 'english', 82),
(172017329, 'chinese', 53),
(172017329, 'math', 92),
(172017329, 'english', 38),
(172017330, 'chinese', 36),
(172017330, 'math', 90),
(172017330, 'english', 88),
(172017331, 'chinese', 98),
(172017331, 'math', 34),
(172017331, 'english', 88),
(172017332, 'chinese', 90),
(172017332, 'math', 18),
(172017332, 'english', 99),
(172017333, 'chinese', 17),
(172017333, 'math', 93),
(172017333, 'english', 38),
(172017334, 'chinese', 61),
(172017334, 'math', 92),
(172017334, 'english', 81),
(172017335, 'chinese', 54),
(172017335, 'math', 15),
(172017335, 'english', 63),
(172017336, 'chinese', 51),
(172017336, 'math', 48),
(172017336, 'english', 78),
(172017337, 'chinese', 78),
(172017337, 'math', 58),
(172017337, 'english', 73),
(172017338, 'chinese', 20),
(172017338, 'math', 69),
(172017338, 'english', 89),
(172017339, 'chinese', 45),
(172017339, 'math', 60),
(172017339, 'english', 97),
(172017340, 'chinese', 63),
(172017340, 'math', 89),
(172017340, 'english', 98),
(172017341, 'chinese', 84),
(172017341, 'math', 65),
(172017341, 'english', 86),
(172017342, 'chinese', 74),
(172017342, 'math', 92),
(172017342, 'english', 95),
(172017343, 'chinese', 64),
(172017343, 'math', 97),
(172017343, 'english', 94),
(172017344, 'chinese', 47),
(172017344, 'math', 43),
(172017344, 'english', 80),
(172017345, 'chinese', 60),
(172017345, 'math', 60),
(172017345, 'english', 80),
(172017346, 'chinese', 82),
(172017346, 'math', 95),
(172017346, 'english', 51),
(172017347, 'chinese', 83),
(172017347, 'math', 62),
(172017347, 'english', 5),
(172017348, 'chinese', 89),
(172017348, 'math', 41),
(172017348, 'english', 27),
(172017349, 'chinese', 75),
(172017349, 'math', 94),
(172017349, 'english', 93),
(172017350, 'chinese', 63),
(172017350, 'math', 88),
(172017350, 'english', 86),
(172017351, 'chinese', 45),
(172017351, 'math', 70),
(172017351, 'english', 89),
(172017352, 'chinese', 96),
(172017352, 'math', 94),
(172017352, 'english', 61),
(172017353, 'chinese', 93),
(172017353, 'math', 2),
(172017353, 'english', 97),
(172017354, 'chinese', 82),
(172017354, 'math', 59),
(172017354, 'english', 97),
(172017355, 'chinese', 42),
(172017355, 'math', 87),
(172017355, 'english', 30),
(172017356, 'chinese', 88),
(172017356, 'math', 41),
(172017356, 'english', 0),
(172017357, 'chinese', 53),
(172017357, 'math', 50),
(172017357, 'english', 81),
(172017358, 'chinese', 69),
(172017358, 'math', 71),
(172017358, 'english', 48),
(172017359, 'chinese', 86),
(172017359, 'math', 58),
(172017359, 'english', 52),
(172017360, 'chinese', 79),
(172017360, 'math', 60),
(172017360, 'english', 39),
(172017361, 'chinese', 11),
(172017361, 'math', 87),
(172017361, 'english', 80),
(172017362, 'chinese', 99),
(172017362, 'math', 13),
(172017362, 'english', 81),
(172017363, 'chinese', 54),
(172017363, 'math', 95),
(172017363, 'english', 52),
(172017364, 'chinese', 72),
(172017364, 'math', 83),
(172017364, 'english', 57),
(172017365, 'chinese', 24),
(172017365, 'math', 10),
(172017365, 'english', 25),
(172017366, 'chinese', 45),
(172017366, 'math', 95),
(172017366, 'english', 29),
(172017367, 'chinese', 6),
(172017367, 'math', 15),
(172017367, 'english', 93),
(172017368, 'chinese', 47),
(172017368, 'math', 12),
(172017368, 'english', 70),
(172017369, 'chinese', 63),
(172017369, 'math', 74),
(172017369, 'english', 93),
(172017370, 'chinese', 33),
(172017370, 'math', 80),
(172017370, 'english', 97),
(172017371, 'chinese', 88),
(172017371, 'math', 95),
(172017371, 'english', 95),
(172017372, 'chinese', 71),
(172017372, 'math', 27),
(172017372, 'english', 43),
(172017373, 'chinese', 72),
(172017373, 'math', 90),
(172017373, 'english', 98),
(172017374, 'chinese', 99),
(172017374, 'math', 82),
(172017374, 'english', 76),
(172017375, 'chinese', 21),
(172017375, 'math', 68),
(172017375, 'english', 85),
(172017376, 'chinese', 86),
(172017376, 'math', 77),
(172017376, 'english', 2),
(172017377, 'chinese', 89),
(172017377, 'math', 17),
(172017377, 'english', 97),
(172017378, 'chinese', 85),
(172017378, 'math', 73),
(172017378, 'english', 67),
(172017379, 'chinese', 85),
(172017379, 'math', 33),
(172017379, 'english', 9),
(172017380, 'chinese', 78),
(172017380, 'math', 44),
(172017380, 'english', 60),
(172017381, 'chinese', 54),
(172017381, 'math', 91),
(172017381, 'english', 66),
(172017382, 'chinese', 91),
(172017382, 'math', 92),
(172017382, 'english', 83),
(172017383, 'chinese', 20),
(172017383, 'math', 90),
(172017383, 'english', 75),
(172017384, 'chinese', 68),
(172017384, 'math', 68),
(172017384, 'english', 85),
(172017385, 'chinese', 53),
(172017385, 'math', 90),
(172017385, 'english', 83),
(172017386, 'chinese', 90),
(172017386, 'math', 57),
(172017386, 'english', 99),
(172017387, 'chinese', 47),
(172017387, 'math', 14),
(172017387, 'english', 24),
(172017388, 'chinese', 75),
(172017388, 'math', 93),
(172017388, 'english', 84),
(172017389, 'chinese', 60),
(172017389, 'math', 62),
(172017389, 'english', 82),
(172017390, 'chinese', 86),
(172017390, 'math', 57),
(172017390, 'english', 29),
(172017391, 'chinese', 55),
(172017391, 'math', 83),
(172017391, 'english', 66),
(172017392, 'chinese', 67),
(172017392, 'math', 7),
(172017392, 'english', 95),
(172017393, 'chinese', 81),
(172017393, 'math', 79),
(172017393, 'english', 61),
(172017394, 'chinese', 72),
(172017394, 'math', 98),
(172017394, 'english', 61),
(172017395, 'chinese', 72),
(172017395, 'math', 89),
(172017395, 'english', 97),
(172017396, 'chinese', 80),
(172017396, 'math', 72),
(172017396, 'english', 94),
(172017397, 'chinese', 76),
(172017397, 'math', 81),
(172017397, 'english', 85),
(172017398, 'chinese', 58),
(172017398, 'math', 97),
(172017398, 'english', 73),
(172017399, 'chinese', 49),
(172017399, 'math', 56),
(172017399, 'english', 11),
(172017400, 'chinese', 88),
(172017400, 'math', 39),
(172017400, 'english', 27),
(172017401, 'chinese', 88),
(172017401, 'math', 98),
(172017401, 'english', 4),
(172017402, 'chinese', 73),
(172017402, 'math', 82),
(172017402, 'english', 68),
(172017403, 'chinese', 67),
(172017403, 'math', 97),
(172017403, 'english', 75),
(172017404, 'chinese', 41),
(172017404, 'math', 62),
(172017404, 'english', 7),
(172017405, 'chinese', 85),
(172017405, 'math', 67),
(172017405, 'english', 82),
(172017406, 'chinese', 88),
(172017406, 'math', 95),
(172017406, 'english', 90),
(172017407, 'chinese', 72),
(172017407, 'math', 7),
(172017407, 'english', 90),
(172017408, 'chinese', 99),
(172017408, 'math', 21),
(172017408, 'english', 66),
(172017409, 'chinese', 86),
(172017409, 'math', 57),
(172017409, 'english', 73),
(172017410, 'chinese', 75),
(172017410, 'math', 75),
(172017410, 'english', 90),
(172017411, 'chinese', 93),
(172017411, 'math', 68),
(172017411, 'english', 74),
(172017412, 'chinese', 48),
(172017412, 'math', 0),
(172017412, 'english', 42),
(172017413, 'chinese', 94),
(172017413, 'math', 94),
(172017413, 'english', 66),
(172017414, 'chinese', 89),
(172017414, 'math', 37),
(172017414, 'english', 94),
(172017415, 'chinese', 40),
(172017415, 'math', 65),
(172017415, 'english', 98),
(172017416, 'chinese', 73),
(172017416, 'math', 42),
(172017416, 'english', 0),
(172017417, 'chinese', 94),
(172017417, 'math', 75),
(172017417, 'english', 56),
(172017418, 'chinese', 79),
(172017418, 'math', 72),
(172017418, 'english', 93),
(172017419, 'chinese', 89),
(172017419, 'math', 65),
(172017419, 'english', 36),
(172017420, 'chinese', 32),
(172017420, 'math', 77),
(172017420, 'english', 94),
(172017421, 'chinese', 98),
(172017421, 'math', 91),
(172017421, 'english', 99),
(172017422, 'chinese', 4),
(172017422, 'math', 84),
(172017422, 'english', 70),
(172017423, 'chinese', 99),
(172017423, 'math', 58),
(172017423, 'english', 44),
(172017424, 'chinese', 84),
(172017424, 'math', 69),
(172017424, 'english', 87),
(172017425, 'chinese', 11),
(172017425, 'math', 14),
(172017425, 'english', 79),
(172017426, 'chinese', 97),
(172017426, 'math', 60),
(172017426, 'english', 6),
(172017427, 'chinese', 77),
(172017427, 'math', 85),
(172017427, 'english', 85),
(172017428, 'chinese', 45),
(172017428, 'math', 85),
(172017428, 'english', 99),
(172017429, 'chinese', 68),
(172017429, 'math', 95),
(172017429, 'english', 77),
(172017430, 'chinese', 94),
(172017430, 'math', 94),
(172017430, 'english', 98),
(172017431, 'chinese', 27),
(172017431, 'math', 91),
(172017431, 'english', 99),
(172017432, 'chinese', 63),
(172017432, 'math', 75),
(172017432, 'english', 76),
(172017433, 'chinese', 53),
(172017433, 'math', 53),
(172017433, 'english', 25),
(172017434, 'chinese', 75),
(172017434, 'math', 99),
(172017434, 'english', 2),
(172017435, 'chinese', 2),
(172017435, 'math', 15),
(172017435, 'english', 78),
(172017436, 'chinese', 95),
(172017436, 'math', 92),
(172017436, 'english', 86),
(172017437, 'chinese', 95),
(172017437, 'math', 91),
(172017437, 'english', 87),
(172017438, 'chinese', 17),
(172017438, 'math', 26),
(172017438, 'english', 95),
(172017439, 'chinese', 99),
(172017439, 'math', 52),
(172017439, 'english', 92),
(172017440, 'chinese', 75),
(172017440, 'math', 56),
(172017440, 'english', 64),
(172017441, 'chinese', 99),
(172017441, 'math', 80),
(172017441, 'english', 33),
(172017442, 'chinese', 94),
(172017442, 'math', 90),
(172017442, 'english', 93),
(172017443, 'chinese', 95),
(172017443, 'math', 50),
(172017443, 'english', 32),
(172017444, 'chinese', 93),
(172017444, 'math', 66),
(172017444, 'english', 15),
(172017445, 'chinese', 75),
(172017445, 'math', 93),
(172017445, 'english', 88),
(172017446, 'chinese', 57),
(172017446, 'math', 51),
(172017446, 'english', 44),
(172017447, 'chinese', 30),
(172017447, 'math', 89),
(172017447, 'english', 83),
(172017448, 'chinese', 65),
(172017448, 'math', 25),
(172017448, 'english', 94),
(172017449, 'chinese', 93),
(172017449, 'math', 17),
(172017449, 'english', 95),
(172017450, 'chinese', 97),
(172017450, 'math', 47),
(172017450, 'english', 3),
(172017451, 'chinese', 48),
(172017451, 'math', 93),
(172017451, 'english', 59),
(172017452, 'chinese', 98),
(172017452, 'math', 79),
(172017452, 'english', 87),
(172017453, 'chinese', 2),
(172017453, 'math', 93),
(172017453, 'english', 67),
(172017454, 'chinese', 28),
(172017454, 'math', 84),
(172017454, 'english', 16),
(172017455, 'chinese', 65),
(172017455, 'math', 5),
(172017455, 'english', 97),
(172017456, 'chinese', 96),
(172017456, 'math', 63),
(172017456, 'english', 90),
(172017457, 'chinese', 92),
(172017457, 'math', 93),
(172017457, 'english', 97),
(172017458, 'chinese', 23),
(172017458, 'math', 94),
(172017458, 'english', 96),
(172017459, 'chinese', 59),
(172017459, 'math', 89),
(172017459, 'english', 70),
(172017460, 'chinese', 81),
(172017460, 'math', 53),
(172017460, 'english', 44),
(172017461, 'chinese', 95),
(172017461, 'math', 64),
(172017461, 'english', 66),
(172017462, 'chinese', 99),
(172017462, 'math', 75),
(172017462, 'english', 84),
(172017463, 'chinese', 38),
(172017463, 'math', 73),
(172017463, 'english', 91),
(172017464, 'chinese', 27),
(172017464, 'math', 85),
(172017464, 'english', 70),
(172017465, 'chinese', 70),
(172017465, 'math', 99),
(172017465, 'english', 22),
(172017466, 'chinese', 16),
(172017466, 'math', 86),
(172017466, 'english', 59),
(172017467, 'chinese', 85),
(172017467, 'math', 41),
(172017467, 'english', 75),
(172017468, 'chinese', 30),
(172017468, 'math', 61),
(172017468, 'english', 97),
(172017469, 'chinese', 88),
(172017469, 'math', 98),
(172017469, 'english', 45),
(172017470, 'chinese', 94),
(172017470, 'math', 65),
(172017470, 'english', 47),
(172017471, 'chinese', 38),
(172017471, 'math', 36),
(172017471, 'english', 11),
(172017472, 'chinese', 52),
(172017472, 'math', 64),
(172017472, 'english', 61),
(172017473, 'chinese', 80),
(172017473, 'math', 96),
(172017473, 'english', 97),
(172017474, 'chinese', 22),
(172017474, 'math', 65),
(172017474, 'english', 41),
(172017475, 'chinese', 63),
(172017475, 'math', 80),
(172017475, 'english', 30),
(172017476, 'chinese', 92),
(172017476, 'math', 92),
(172017476, 'english', 78),
(172017477, 'chinese', 94),
(172017477, 'math', 58),
(172017477, 'english', 17),
(172017478, 'chinese', 48),
(172017478, 'math', 11),
(172017478, 'english', 49),
(172017479, 'chinese', 67),
(172017479, 'math', 97),
(172017479, 'english', 51),
(172017480, 'chinese', 96),
(172017480, 'math', 13),
(172017480, 'english', 85),
(172017481, 'chinese', 72),
(172017481, 'math', 45),
(172017481, 'english', 92),
(172017482, 'chinese', 86),
(172017482, 'math', 70),
(172017482, 'english', 76),
(172017483, 'chinese', 69),
(172017483, 'math', 6),
(172017483, 'english', 87),
(172017484, 'chinese', 64),
(172017484, 'math', 16),
(172017484, 'english', 92),
(172017485, 'chinese', 54),
(172017485, 'math', 51),
(172017485, 'english', 88),
(172017486, 'chinese', 67),
(172017486, 'math', 64),
(172017486, 'english', 88),
(172017487, 'chinese', 86),
(172017487, 'math', 27),
(172017487, 'english', 99),
(172017488, 'chinese', 95),
(172017488, 'math', 53),
(172017488, 'english', 48),
(172017489, 'chinese', 64),
(172017489, 'math', 90),
(172017489, 'english', 66),
(172017490, 'chinese', 99),
(172017490, 'math', 48),
(172017490, 'english', 61),
(172017491, 'chinese', 97),
(172017491, 'math', 24),
(172017491, 'english', 65),
(172017492, 'chinese', 48),
(172017492, 'math', 66),
(172017492, 'english', 99),
(172017493, 'chinese', 83),
(172017493, 'math', 25),
(172017493, 'english', 53),
(172017494, 'chinese', 96),
(172017494, 'math', 34),
(172017494, 'english', 13),
(172017495, 'chinese', 60),
(172017495, 'math', 85),
(172017495, 'english', 87),
(172017496, 'chinese', 93),
(172017496, 'math', 84),
(172017496, 'english', 1),
(172017497, 'chinese', 91),
(172017497, 'math', 29),
(172017497, 'english', 67),
(172017498, 'chinese', 84),
(172017498, 'math', 69),
(172017498, 'english', 63),
(172017499, 'chinese', 79),
(172017499, 'math', 46),
(172017499, 'english', 9),
(172017500, 'chinese', 88),
(172017500, 'math', 82),
(172017500, 'english', 98),
(172017501, 'chinese', 67),
(172017501, 'math', 60),
(172017501, 'english', 74),
(172017502, 'chinese', 86),
(172017502, 'math', 93),
(172017502, 'english', 83),
(172017503, 'chinese', 38),
(172017503, 'math', 89),
(172017503, 'english', 56),
(172017504, 'chinese', 63),
(172017504, 'math', 95),
(172017504, 'english', 54),
(172017505, 'chinese', 96),
(172017505, 'math', 43),
(172017505, 'english', 98),
(172017506, 'chinese', 96),
(172017506, 'math', 77),
(172017506, 'english', 79),
(172017507, 'chinese', 88),
(172017507, 'math', 69),
(172017507, 'english', 85),
(172017508, 'chinese', 78),
(172017508, 'math', 24),
(172017508, 'english', 9),
(172017509, 'chinese', 98),
(172017509, 'math', 73),
(172017509, 'english', 79),
(172017510, 'chinese', 95),
(172017510, 'math', 11),
(172017510, 'english', 88),
(172017511, 'chinese', 59),
(172017511, 'math', 45),
(172017511, 'english', 22),
(172017512, 'chinese', 71),
(172017512, 'math', 86),
(172017512, 'english', 60),
(172017513, 'chinese', 65),
(172017513, 'math', 89),
(172017513, 'english', 80),
(172017514, 'chinese', 75),
(172017514, 'math', 55),
(172017514, 'english', 69),
(172017515, 'chinese', 27),
(172017515, 'math', 89),
(172017515, 'english', 69),
(172017516, 'chinese', 98),
(172017516, 'math', 71),
(172017516, 'english', 28),
(172017517, 'chinese', 53),
(172017517, 'math', 99),
(172017517, 'english', 75),
(172017518, 'chinese', 67),
(172017518, 'math', 92),
(172017518, 'english', 80),
(172017519, 'chinese', 23),
(172017519, 'math', 95),
(172017519, 'english', 92),
(172017520, 'chinese', 93),
(172017520, 'math', 88),
(172017520, 'english', 50),
(172017521, 'chinese', 94),
(172017521, 'math', 98),
(172017521, 'english', 31),
(172017522, 'chinese', 95),
(172017522, 'math', 97),
(172017522, 'english', 6),
(172017523, 'chinese', 63),
(172017523, 'math', 84),
(172017523, 'english', 39),
(172017524, 'chinese', 98),
(172017524, 'math', 72),
(172017524, 'english', 13),
(172017525, 'chinese', 9),
(172017525, 'math', 83),
(172017525, 'english', 63),
(172017526, 'chinese', 73),
(172017526, 'math', 91),
(172017526, 'english', 49),
(172017527, 'chinese', 41),
(172017527, 'math', 92),
(172017527, 'english', 80),
(172017528, 'chinese', 89),
(172017528, 'math', 77),
(172017528, 'english', 82),
(172017529, 'chinese', 87),
(172017529, 'math', 65),
(172017529, 'english', 89),
(172017530, 'chinese', 78),
(172017530, 'math', 92),
(172017530, 'english', 97),
(172017531, 'chinese', 36),
(172017531, 'math', 62),
(172017531, 'english', 85),
(172017532, 'chinese', 79),
(172017532, 'math', 62),
(172017532, 'english', 54),
(172017533, 'chinese', 78),
(172017533, 'math', 94),
(172017533, 'english', 28),
(172017534, 'chinese', 71),
(172017534, 'math', 6),
(172017534, 'english', 25),
(172017535, 'chinese', 38),
(172017535, 'math', 98),
(172017535, 'english', 86),
(172017536, 'chinese', 67),
(172017536, 'math', 89),
(172017536, 'english', 97),
(172017537, 'chinese', 94),
(172017537, 'math', 70),
(172017537, 'english', 66),
(172017538, 'chinese', 80),
(172017538, 'math', 60),
(172017538, 'english', 76),
(172017539, 'chinese', 63),
(172017539, 'math', 80),
(172017539, 'english', 55),
(172017540, 'chinese', 78),
(172017540, 'math', 79),
(172017540, 'english', 59),
(172017541, 'chinese', 71),
(172017541, 'math', 92),
(172017541, 'english', 11),
(172017542, 'chinese', 80),
(172017542, 'math', 91),
(172017542, 'english', 94),
(172017543, 'chinese', 87),
(172017543, 'math', 86),
(172017543, 'english', 79),
(172017544, 'chinese', 34),
(172017544, 'math', 55),
(172017544, 'english', 94),
(172017545, 'chinese', 71),
(172017545, 'math', 54),
(172017545, 'english', 61),
(172017546, 'chinese', 97),
(172017546, 'math', 32),
(172017546, 'english', 83),
(172017547, 'chinese', 76),
(172017547, 'math', 94),
(172017547, 'english', 5),
(172017548, 'chinese', 86),
(172017548, 'math', 58),
(172017548, 'english', 96),
(172017549, 'chinese', 3),
(172017549, 'math', 69),
(172017549, 'english', 40),
(172017550, 'chinese', 49),
(172017550, 'math', 5),
(172017550, 'english', 75),
(172017551, 'chinese', 58),
(172017551, 'math', 98),
(172017551, 'english', 58),
(172017552, 'chinese', 97),
(172017552, 'math', 67),
(172017552, 'english', 79),
(172017553, 'chinese', 37),
(172017553, 'math', 53),
(172017553, 'english', 55),
(172017554, 'chinese', 62),
(172017554, 'math', 89),
(172017554, 'english', 23),
(172017555, 'chinese', 29),
(172017555, 'math', 85),
(172017555, 'english', 82),
(172017556, 'chinese', 26),
(172017556, 'math', 67),
(172017556, 'english', 91),
(172017557, 'chinese', 45),
(172017557, 'math', 1),
(172017557, 'english', 81),
(172017558, 'chinese', 92),
(172017558, 'math', 32),
(172017558, 'english', 82),
(172017559, 'chinese', 92),
(172017559, 'math', 97),
(172017559, 'english', 2),
(172017560, 'chinese', 40),
(172017560, 'math', 82),
(172017560, 'english', 88),
(172017561, 'chinese', 12),
(172017561, 'math', 98),
(172017561, 'english', 95),
(172017562, 'chinese', 94),
(172017562, 'math', 81),
(172017562, 'english', 38),
(172017563, 'chinese', 48),
(172017563, 'math', 63),
(172017563, 'english', 80),
(172017564, 'chinese', 53),
(172017564, 'math', 79),
(172017564, 'english', 99),
(172017565, 'chinese', 95),
(172017565, 'math', 11),
(172017565, 'english', 70),
(172017566, 'chinese', 73),
(172017566, 'math', 56),
(172017566, 'english', 92),
(172017567, 'chinese', 50),
(172017567, 'math', 73),
(172017567, 'english', 92),
(172017568, 'chinese', 99),
(172017568, 'math', 80),
(172017568, 'english', 95),
(172017569, 'chinese', 98),
(172017569, 'math', 73),
(172017569, 'english', 83),
(172017570, 'chinese', 83),
(172017570, 'math', 98),
(172017570, 'english', 63),
(172017571, 'chinese', 56),
(172017571, 'math', 89),
(172017571, 'english', 86),
(172017572, 'chinese', 62),
(172017572, 'math', 88),
(172017572, 'english', 54),
(172017573, 'chinese', 35),
(172017573, 'math', 76),
(172017573, 'english', 84),
(172017574, 'chinese', 91),
(172017574, 'math', 75),
(172017574, 'english', 66),
(172017575, 'chinese', 62),
(172017575, 'math', 80),
(172017575, 'english', 30),
(172017576, 'chinese', 90),
(172017576, 'math', 72),
(172017576, 'english', 97),
(172017577, 'chinese', 77),
(172017577, 'math', 45),
(172017577, 'english', 94),
(172017578, 'chinese', 59),
(172017578, 'math', 84),
(172017578, 'english', 86),
(172017579, 'chinese', 89),
(172017579, 'math', 3),
(172017579, 'english', 17),
(172017580, 'chinese', 66),
(172017580, 'math', 63),
(172017580, 'english', 56),
(172017581, 'chinese', 76),
(172017581, 'math', 13),
(172017581, 'english', 38),
(172017582, 'chinese', 96),
(172017582, 'math', 83),
(172017582, 'english', 88),
(172017583, 'chinese', 9),
(172017583, 'math', 30),
(172017583, 'english', 64),
(172017584, 'chinese', 66),
(172017584, 'math', 5),
(172017584, 'english', 91),
(172017585, 'chinese', 92),
(172017585, 'math', 19),
(172017585, 'english', 79),
(172017586, 'chinese', 90),
(172017586, 'math', 27),
(172017586, 'english', 44),
(172017587, 'chinese', 97),
(172017587, 'math', 81),
(172017587, 'english', 90),
(172017588, 'chinese', 42),
(172017588, 'math', 82),
(172017588, 'english', 14),
(172017589, 'chinese', 83),
(172017589, 'math', 76),
(172017589, 'english', 26),
(172017590, 'chinese', 59),
(172017590, 'math', 87),
(172017590, 'english', 94),
(172017591, 'chinese', 95),
(172017591, 'math', 97),
(172017591, 'english', 97),
(172017592, 'chinese', 88),
(172017592, 'math', 81),
(172017592, 'english', 98),
(172017593, 'chinese', 32),
(172017593, 'math', 73),
(172017593, 'english', 40),
(172017594, 'chinese', 93),
(172017594, 'math', 96),
(172017594, 'english', 96),
(172017595, 'chinese', 73),
(172017595, 'math', 90),
(172017595, 'english', 97),
(172017596, 'chinese', 55),
(172017596, 'math', 92),
(172017596, 'english', 2),
(172017597, 'chinese', 66),
(172017597, 'math', 46),
(172017597, 'english', 87),
(172017598, 'chinese', 68),
(172017598, 'math', 67),
(172017598, 'english', 83),
(172017599, 'chinese', 86),
(172017599, 'math', 66),
(172017599, 'english', 96),
(172017600, 'chinese', 22),
(172017600, 'math', 96),
(172017600, 'english', 0),
(172017601, 'chinese', 96),
(172017601, 'math', 32),
(172017601, 'english', 22),
(172017602, 'chinese', 34),
(172017602, 'math', 81),
(172017602, 'english', 79),
(172017603, 'chinese', 80),
(172017603, 'math', 28),
(172017603, 'english', 93),
(172017604, 'chinese', 96),
(172017604, 'math', 59),
(172017604, 'english', 93),
(172017605, 'chinese', 15),
(172017605, 'math', 18),
(172017605, 'english', 91),
(172017606, 'chinese', 91),
(172017606, 'math', 63),
(172017606, 'english', 82),
(172017607, 'chinese', 97),
(172017607, 'math', 32),
(172017607, 'english', 59),
(172017608, 'chinese', 81),
(172017608, 'math', 45),
(172017608, 'english', 15),
(172017609, 'chinese', 87),
(172017609, 'math', 93),
(172017609, 'english', 96),
(172017610, 'chinese', 79),
(172017610, 'math', 86),
(172017610, 'english', 59),
(172017611, 'chinese', 35),
(172017611, 'math', 36),
(172017611, 'english', 90),
(172017612, 'chinese', 15),
(172017612, 'math', 92),
(172017612, 'english', 36),
(172017613, 'chinese', 41),
(172017613, 'math', 96),
(172017613, 'english', 85),
(172017614, 'chinese', 89),
(172017614, 'math', 67),
(172017614, 'english', 98),
(172017615, 'chinese', 59),
(172017615, 'math', 78),
(172017615, 'english', 8),
(172017616, 'chinese', 70),
(172017616, 'math', 78),
(172017616, 'english', 99),
(172017617, 'chinese', 86),
(172017617, 'math', 83),
(172017617, 'english', 82),
(172017618, 'chinese', 98),
(172017618, 'math', 91),
(172017618, 'english', 93),
(172017619, 'chinese', 59),
(172017619, 'math', 86),
(172017619, 'english', 78),
(172017620, 'chinese', 18),
(172017620, 'math', 65),
(172017620, 'english', 80),
(172017621, 'chinese', 66),
(172017621, 'math', 87),
(172017621, 'english', 81),
(172017622, 'chinese', 53),
(172017622, 'math', 75),
(172017622, 'english', 92),
(172017623, 'chinese', 8),
(172017623, 'math', 95),
(172017623, 'english', 63),
(172017624, 'chinese', 10),
(172017624, 'math', 95),
(172017624, 'english', 84),
(172017625, 'chinese', 91),
(172017625, 'math', 12),
(172017625, 'english', 96),
(172017626, 'chinese', 92),
(172017626, 'math', 44),
(172017626, 'english', 99),
(172017627, 'chinese', 70),
(172017627, 'math', 32),
(172017627, 'english', 65),
(172017628, 'chinese', 87),
(172017628, 'math', 89),
(172017628, 'english', 84),
(172017629, 'chinese', 60),
(172017629, 'math', 95),
(172017629, 'english', 53),
(172017630, 'chinese', 97),
(172017630, 'math', 70),
(172017630, 'english', 32),
(172017631, 'chinese', 4),
(172017631, 'math', 68),
(172017631, 'english', 98),
(172017632, 'chinese', 90),
(172017632, 'math', 57),
(172017632, 'english', 82),
(172017633, 'chinese', 96),
(172017633, 'math', 98),
(172017633, 'english', 52),
(172017634, 'chinese', 35),
(172017634, 'math', 88),
(172017634, 'english', 46),
(172017635, 'chinese', 80),
(172017635, 'math', 61),
(172017635, 'english', 75),
(172017636, 'chinese', 76),
(172017636, 'math', 95),
(172017636, 'english', 99),
(172017637, 'chinese', 54),
(172017637, 'math', 79),
(172017637, 'english', 99),
(172017638, 'chinese', 88),
(172017638, 'math', 86),
(172017638, 'english', 56),
(172017639, 'chinese', 99),
(172017639, 'math', 77),
(172017639, 'english', 66),
(172017640, 'chinese', 85),
(172017640, 'math', 38),
(172017640, 'english', 71),
(172017641, 'chinese', 51),
(172017641, 'math', 59),
(172017641, 'english', 90),
(172017642, 'chinese', 95),
(172017642, 'math', 52),
(172017642, 'english', 74),
(172017643, 'chinese', 93),
(172017643, 'math', 50),
(172017643, 'english', 96),
(172017644, 'chinese', 81),
(172017644, 'math', 6),
(172017644, 'english', 90),
(172017645, 'chinese', 68),
(172017645, 'math', 62),
(172017645, 'english', 44),
(172017646, 'chinese', 3),
(172017646, 'math', 57),
(172017646, 'english', 68),
(172017647, 'chinese', 82),
(172017647, 'math', 98),
(172017647, 'english', 81),
(172017648, 'chinese', 33),
(172017648, 'math', 87),
(172017648, 'english', 96),
(172017649, 'chinese', 13),
(172017649, 'math', 92),
(172017649, 'english', 87),
(172017650, 'chinese', 76),
(172017650, 'math', 97),
(172017650, 'english', 88),
(172017651, 'chinese', 88),
(172017651, 'math', 63),
(172017651, 'english', 73),
(172017652, 'chinese', 95),
(172017652, 'math', 85),
(172017652, 'english', 72),
(172017653, 'chinese', 6),
(172017653, 'math', 96),
(172017653, 'english', 90),
(172017654, 'chinese', 62),
(172017654, 'math', 67),
(172017654, 'english', 97),
(172017655, 'chinese', 35),
(172017655, 'math', 90),
(172017655, 'english', 53),
(172017656, 'chinese', 84),
(172017656, 'math', 57),
(172017656, 'english', 25),
(172017657, 'chinese', 58),
(172017657, 'math', 66),
(172017657, 'english', 35),
(172017658, 'chinese', 70),
(172017658, 'math', 8),
(172017658, 'english', 93),
(172017659, 'chinese', 29),
(172017659, 'math', 2),
(172017659, 'english', 89),
(172017660, 'chinese', 90),
(172017660, 'math', 53),
(172017660, 'english', 43),
(172017661, 'chinese', 3),
(172017661, 'math', 67),
(172017661, 'english', 56),
(172017662, 'chinese', 6),
(172017662, 'math', 62),
(172017662, 'english', 76),
(172017663, 'chinese', 72),
(172017663, 'math', 70),
(172017663, 'english', 93),
(172017664, 'chinese', 96),
(172017664, 'math', 43),
(172017664, 'english', 90),
(172017665, 'chinese', 94),
(172017665, 'math', 94),
(172017665, 'english', 98),
(172017666, 'chinese', 10),
(172017666, 'math', 91),
(172017666, 'english', 60),
(172017667, 'chinese', 96),
(172017667, 'math', 63);
INSERT INTO `2020` (`studentId`, `subject`, `score`) VALUES
(172017667, 'english', 72),
(172017668, 'chinese', 75),
(172017668, 'math', 43),
(172017668, 'english', 13),
(172017669, 'chinese', 99),
(172017669, 'math', 0),
(172017669, 'english', 74),
(172017670, 'chinese', 64),
(172017670, 'math', 57),
(172017670, 'english', 83),
(172017671, 'chinese', 96),
(172017671, 'math', 51),
(172017671, 'english', 22),
(172017672, 'chinese', 78),
(172017672, 'math', 2),
(172017672, 'english', 68),
(172017673, 'chinese', 82),
(172017673, 'math', 73),
(172017673, 'english', 90),
(172017674, 'chinese', 3),
(172017674, 'math', 72),
(172017674, 'english', 80),
(172017675, 'chinese', 14),
(172017675, 'math', 36),
(172017675, 'english', 74),
(172017676, 'chinese', 70),
(172017676, 'math', 11),
(172017676, 'english', 83),
(172017677, 'chinese', 67),
(172017677, 'math', 66),
(172017677, 'english', 55),
(172017678, 'chinese', 49),
(172017678, 'math', 53),
(172017678, 'english', 22),
(172017679, 'chinese', 86),
(172017679, 'math', 96),
(172017679, 'english', 97),
(172017680, 'chinese', 92),
(172017680, 'math', 84),
(172017680, 'english', 74),
(172017681, 'chinese', 81),
(172017681, 'math', 96),
(172017681, 'english', 17),
(172017682, 'chinese', 56),
(172017682, 'math', 87),
(172017682, 'english', 97),
(172017683, 'chinese', 81),
(172017683, 'math', 83),
(172017683, 'english', 95),
(172017684, 'chinese', 37),
(172017684, 'math', 39),
(172017684, 'english', 92),
(172017685, 'chinese', 28),
(172017685, 'math', 47),
(172017685, 'english', 74),
(172017686, 'chinese', 84),
(172017686, 'math', 90),
(172017686, 'english', 96),
(172017687, 'chinese', 92),
(172017687, 'math', 47),
(172017687, 'english', 84),
(172017688, 'chinese', 28),
(172017688, 'math', 99),
(172017688, 'english', 15),
(172017689, 'chinese', 51),
(172017689, 'math', 83),
(172017689, 'english', 92),
(172017690, 'chinese', 72),
(172017690, 'math', 75),
(172017690, 'english', 61),
(172017691, 'chinese', 23),
(172017691, 'math', 92),
(172017691, 'english', 16),
(172017692, 'chinese', 22),
(172017692, 'math', 95),
(172017692, 'english', 94),
(172017693, 'chinese', 61),
(172017693, 'math', 26),
(172017693, 'english', 84),
(172017694, 'chinese', 86),
(172017694, 'math', 82),
(172017694, 'english', 44),
(172017695, 'chinese', 98),
(172017695, 'math', 0),
(172017695, 'english', 89),
(172017696, 'chinese', 71),
(172017696, 'math', 93),
(172017696, 'english', 94),
(172017697, 'chinese', 22),
(172017697, 'math', 93),
(172017697, 'english', 84),
(172017698, 'chinese', 82),
(172017698, 'math', 59),
(172017698, 'english', 74),
(172017699, 'chinese', 92),
(172017699, 'math', 89),
(172017699, 'english', 64),
(172017700, 'chinese', 24),
(172017700, 'math', 52),
(172017700, 'english', 90),
(172017701, 'chinese', 98),
(172017701, 'math', 82),
(172017701, 'english', 25),
(172017702, 'chinese', 64),
(172017702, 'math', 95),
(172017702, 'english', 38),
(172017703, 'chinese', 38),
(172017703, 'math', 30),
(172017703, 'english', 77),
(172017704, 'chinese', 97),
(172017704, 'math', 97),
(172017704, 'english', 82),
(172017705, 'chinese', 93),
(172017705, 'math', 93),
(172017705, 'english', 96),
(172017706, 'chinese', 96),
(172017706, 'math', 93),
(172017706, 'english', 43),
(172017707, 'chinese', 83),
(172017707, 'math', 27),
(172017707, 'english', 97),
(172017708, 'chinese', 24),
(172017708, 'math', 50),
(172017708, 'english', 28),
(172017709, 'chinese', 95),
(172017709, 'math', 80),
(172017709, 'english', 76),
(172017710, 'chinese', 32),
(172017710, 'math', 93),
(172017710, 'english', 87),
(172017711, 'chinese', 52),
(172017711, 'math', 82),
(172017711, 'english', 76),
(172017712, 'chinese', 42),
(172017712, 'math', 77),
(172017712, 'english', 99),
(172017713, 'chinese', 66),
(172017713, 'math', 15),
(172017713, 'english', 77),
(172017714, 'chinese', 87),
(172017714, 'math', 48),
(172017714, 'english', 46),
(172017715, 'chinese', 73),
(172017715, 'math', 31),
(172017715, 'english', 65),
(172017716, 'chinese', 16),
(172017716, 'math', 9),
(172017716, 'english', 87),
(172017717, 'chinese', 97),
(172017717, 'math', 14),
(172017717, 'english', 59),
(172017718, 'chinese', 77),
(172017718, 'math', 70),
(172017718, 'english', 97),
(172017719, 'chinese', 85),
(172017719, 'math', 89),
(172017719, 'english', 63),
(172017720, 'chinese', 51),
(172017720, 'math', 98),
(172017720, 'english', 81),
(172017721, 'chinese', 84),
(172017721, 'math', 30),
(172017721, 'english', 73),
(172017722, 'chinese', 93),
(172017722, 'math', 67),
(172017722, 'english', 66),
(172017723, 'chinese', 94),
(172017723, 'math', 83),
(172017723, 'english', 99),
(172017724, 'chinese', 79),
(172017724, 'math', 26),
(172017724, 'english', 94),
(172017725, 'chinese', 57),
(172017725, 'math', 71),
(172017725, 'english', 55),
(172017726, 'chinese', 64),
(172017726, 'math', 13),
(172017726, 'english', 77),
(172017727, 'chinese', 38),
(172017727, 'math', 81),
(172017727, 'english', 83),
(172017728, 'chinese', 5),
(172017728, 'math', 42),
(172017728, 'english', 88),
(172017729, 'chinese', 70),
(172017729, 'math', 24),
(172017729, 'english', 92),
(172017730, 'chinese', 79),
(172017730, 'math', 82),
(172017730, 'english', 64),
(172017731, 'chinese', 65),
(172017731, 'math', 53),
(172017731, 'english', 38),
(172017732, 'chinese', 96),
(172017732, 'math', 45),
(172017732, 'english', 90),
(172017733, 'chinese', 49),
(172017733, 'math', 93),
(172017733, 'english', 81),
(172017734, 'chinese', 74),
(172017734, 'math', 82),
(172017734, 'english', 92),
(172017735, 'chinese', 98),
(172017735, 'math', 66),
(172017735, 'english', 70),
(172017736, 'chinese', 42),
(172017736, 'math', 85),
(172017736, 'english', 84),
(172017737, 'chinese', 93),
(172017737, 'math', 83),
(172017737, 'english', 94),
(172017738, 'chinese', 51),
(172017738, 'math', 2),
(172017738, 'english', 85),
(172017739, 'chinese', 22),
(172017739, 'math', 26),
(172017739, 'english', 19),
(172017740, 'chinese', 78),
(172017740, 'math', 91),
(172017740, 'english', 91),
(172017741, 'chinese', 91),
(172017741, 'math', 68),
(172017741, 'english', 97),
(172017742, 'chinese', 73),
(172017742, 'math', 62),
(172017742, 'english', 15),
(172017743, 'chinese', 55),
(172017743, 'math', 26),
(172017743, 'english', 89),
(172017744, 'chinese', 82),
(172017744, 'math', 75),
(172017744, 'english', 45),
(172017745, 'chinese', 58),
(172017745, 'math', 98),
(172017745, 'english', 51),
(172017746, 'chinese', 81),
(172017746, 'math', 90),
(172017746, 'english', 47),
(172017747, 'chinese', 38),
(172017747, 'math', 54),
(172017747, 'english', 97),
(172017748, 'chinese', 86),
(172017748, 'math', 80),
(172017748, 'english', 96),
(172017749, 'chinese', 69),
(172017749, 'math', 89),
(172017749, 'english', 81),
(172017750, 'chinese', 83),
(172017750, 'math', 73),
(172017750, 'english', 67),
(172017751, 'chinese', 23),
(172017751, 'math', 62),
(172017751, 'english', 99),
(172017752, 'chinese', 85),
(172017752, 'math', 40),
(172017752, 'english', 53),
(172017753, 'chinese', 30),
(172017753, 'math', 12),
(172017753, 'english', 93),
(172017754, 'chinese', 49),
(172017754, 'math', 84),
(172017754, 'english', 94),
(172017755, 'chinese', 96),
(172017755, 'math', 79),
(172017755, 'english', 67),
(172017756, 'chinese', 92),
(172017756, 'math', 88),
(172017756, 'english', 18),
(172017757, 'chinese', 86),
(172017757, 'math', 98),
(172017757, 'english', 73),
(172017758, 'chinese', 90),
(172017758, 'math', 93),
(172017758, 'english', 25),
(172017759, 'chinese', 75),
(172017759, 'math', 62),
(172017759, 'english', 43),
(172017760, 'chinese', 82),
(172017760, 'math', 12),
(172017760, 'english', 97),
(172017761, 'chinese', 74),
(172017761, 'math', 61),
(172017761, 'english', 92),
(172017762, 'chinese', 94),
(172017762, 'math', 79),
(172017762, 'english', 96),
(172017763, 'chinese', 28),
(172017763, 'math', 90),
(172017763, 'english', 89),
(172017764, 'chinese', 89),
(172017764, 'math', 93),
(172017764, 'english', 97),
(172017765, 'chinese', 67),
(172017765, 'math', 97),
(172017765, 'english', 97),
(172017766, 'chinese', 38),
(172017766, 'math', 50),
(172017766, 'english', 74),
(172017767, 'chinese', 47),
(172017767, 'math', 86),
(172017767, 'english', 65),
(172017768, 'chinese', 22),
(172017768, 'math', 73),
(172017768, 'english', 80),
(172017769, 'chinese', 53),
(172017769, 'math', 86),
(172017769, 'english', 42),
(172017770, 'chinese', 58),
(172017770, 'math', 97),
(172017770, 'english', 41),
(172017771, 'chinese', 85),
(172017771, 'math', 70),
(172017771, 'english', 66),
(172017772, 'chinese', 78),
(172017772, 'math', 43),
(172017772, 'english', 99),
(172017773, 'chinese', 55),
(172017773, 'math', 90),
(172017773, 'english', 45),
(172017774, 'chinese', 86),
(172017774, 'math', 67),
(172017774, 'english', 10),
(172017775, 'chinese', 88),
(172017775, 'math', 86),
(172017775, 'english', 20),
(172017776, 'chinese', 98),
(172017776, 'math', 63),
(172017776, 'english', 94),
(172017777, 'chinese', 83),
(172017777, 'math', 56),
(172017777, 'english', 18),
(172017778, 'chinese', 39),
(172017778, 'math', 82),
(172017778, 'english', 38),
(172017779, 'chinese', 91),
(172017779, 'math', 97),
(172017779, 'english', 90),
(172017780, 'chinese', 93),
(172017780, 'math', 99),
(172017780, 'english', 76),
(172017781, 'chinese', 54),
(172017781, 'math', 61),
(172017781, 'english', 64),
(172017782, 'chinese', 89),
(172017782, 'math', 99),
(172017782, 'english', 62),
(172017783, 'chinese', 48),
(172017783, 'math', 89),
(172017783, 'english', 58),
(172017784, 'chinese', 65),
(172017784, 'math', 4),
(172017784, 'english', 93),
(172017785, 'chinese', 48),
(172017785, 'math', 57),
(172017785, 'english', 63),
(172017786, 'chinese', 44),
(172017786, 'math', 88),
(172017786, 'english', 97),
(172017787, 'chinese', 61),
(172017787, 'math', 94),
(172017787, 'english', 81),
(172017788, 'chinese', 92),
(172017788, 'math', 99),
(172017788, 'english', 78),
(172017789, 'chinese', 23),
(172017789, 'math', 56),
(172017789, 'english', 98),
(172017790, 'chinese', 11),
(172017790, 'math', 86),
(172017790, 'english', 93),
(172017791, 'chinese', 51),
(172017791, 'math', 99),
(172017791, 'english', 66),
(172017792, 'chinese', 90),
(172017792, 'math', 70),
(172017792, 'english', 62),
(172017793, 'chinese', 0),
(172017793, 'math', 23),
(172017793, 'english', 88),
(172017794, 'chinese', 66),
(172017794, 'math', 97),
(172017794, 'english', 77),
(172017795, 'chinese', 52),
(172017795, 'math', 3),
(172017795, 'english', 28),
(172017796, 'chinese', 88),
(172017796, 'math', 91),
(172017796, 'english', 0),
(172017797, 'chinese', 19),
(172017797, 'math', 56),
(172017797, 'english', 12),
(172017798, 'chinese', 64),
(172017798, 'math', 47),
(172017798, 'english', 96),
(172017799, 'chinese', 30),
(172017799, 'math', 89),
(172017799, 'english', 80),
(172017800, 'chinese', 92),
(172017800, 'math', 96),
(172017800, 'english', 64),
(172017801, 'chinese', 62),
(172017801, 'math', 81),
(172017801, 'english', 38),
(172017802, 'chinese', 19),
(172017802, 'math', 71),
(172017802, 'english', 68),
(172017803, 'chinese', 67),
(172017803, 'math', 43),
(172017803, 'english', 92),
(172017804, 'chinese', 81),
(172017804, 'math', 96),
(172017804, 'english', 87),
(172017805, 'chinese', 26),
(172017805, 'math', 97),
(172017805, 'english', 69),
(172017806, 'chinese', 7),
(172017806, 'math', 89),
(172017806, 'english', 94),
(172017807, 'chinese', 47),
(172017807, 'math', 51),
(172017807, 'english', 43),
(172017808, 'chinese', 75),
(172017808, 'math', 73),
(172017808, 'english', 90),
(172017809, 'chinese', 67),
(172017809, 'math', 99),
(172017809, 'english', 80),
(172017810, 'chinese', 45),
(172017810, 'math', 82),
(172017810, 'english', 33),
(172017811, 'chinese', 68),
(172017811, 'math', 54),
(172017811, 'english', 76),
(172017812, 'chinese', 27),
(172017812, 'math', 30),
(172017812, 'english', 89),
(172017813, 'chinese', 45),
(172017813, 'math', 90),
(172017813, 'english', 89),
(172017814, 'chinese', 67),
(172017814, 'math', 72),
(172017814, 'english', 52),
(172017815, 'chinese', 98),
(172017815, 'math', 90),
(172017815, 'english', 87),
(172017816, 'chinese', 69),
(172017816, 'math', 98),
(172017816, 'english', 17),
(172017817, 'chinese', 2),
(172017817, 'math', 36),
(172017817, 'english', 62),
(172017818, 'chinese', 23),
(172017818, 'math', 94),
(172017818, 'english', 92),
(172017819, 'chinese', 41),
(172017819, 'math', 53),
(172017819, 'english', 35),
(172017820, 'chinese', 40),
(172017820, 'math', 82),
(172017820, 'english', 51),
(172017821, 'chinese', 69),
(172017821, 'math', 99),
(172017821, 'english', 84),
(172017822, 'chinese', 68),
(172017822, 'math', 80),
(172017822, 'english', 53),
(172017823, 'chinese', 10),
(172017823, 'math', 90),
(172017823, 'english', 75),
(172017824, 'chinese', 75),
(172017824, 'math', 61),
(172017824, 'english', 37),
(172017825, 'chinese', 48),
(172017825, 'math', 62),
(172017825, 'english', 92),
(172017826, 'chinese', 94),
(172017826, 'math', 93),
(172017826, 'english', 46),
(172017827, 'chinese', 56),
(172017827, 'math', 53),
(172017827, 'english', 69),
(172017828, 'chinese', 80),
(172017828, 'math', 73),
(172017828, 'english', 97),
(172017829, 'chinese', 41),
(172017829, 'math', 62),
(172017829, 'english', 78),
(172017830, 'chinese', 72),
(172017830, 'math', 86),
(172017830, 'english', 17),
(172017831, 'chinese', 94),
(172017831, 'math', 91),
(172017831, 'english', 87),
(172017832, 'chinese', 67),
(172017832, 'math', 85),
(172017832, 'english', 98),
(172017833, 'chinese', 93),
(172017833, 'math', 98),
(172017833, 'english', 81),
(172017834, 'chinese', 86),
(172017834, 'math', 59),
(172017834, 'english', 91),
(172017835, 'chinese', 46),
(172017835, 'math', 82),
(172017835, 'english', 94),
(172017836, 'chinese', 36),
(172017836, 'math', 63),
(172017836, 'english', 87),
(172017837, 'chinese', 35),
(172017837, 'math', 91),
(172017837, 'english', 73),
(172017838, 'chinese', 60),
(172017838, 'math', 22),
(172017838, 'english', 91),
(172017839, 'chinese', 98),
(172017839, 'math', 92),
(172017839, 'english', 37),
(172017840, 'chinese', 68),
(172017840, 'math', 93),
(172017840, 'english', 87),
(172017841, 'chinese', 21),
(172017841, 'math', 28),
(172017841, 'english', 90),
(172017842, 'chinese', 11),
(172017842, 'math', 89),
(172017842, 'english', 75),
(172017843, 'chinese', 49),
(172017843, 'math', 87),
(172017843, 'english', 70),
(172017844, 'chinese', 54),
(172017844, 'math', 99),
(172017844, 'english', 88),
(172017845, 'chinese', 66),
(172017845, 'math', 77),
(172017845, 'english', 97),
(172017846, 'chinese', 67),
(172017846, 'math', 13),
(172017846, 'english', 88),
(172017847, 'chinese', 72),
(172017847, 'math', 87),
(172017847, 'english', 72),
(172017848, 'chinese', 94),
(172017848, 'math', 37),
(172017848, 'english', 66),
(172017849, 'chinese', 10),
(172017849, 'math', 2),
(172017849, 'english', 0),
(172017850, 'chinese', 95),
(172017850, 'math', 27),
(172017850, 'english', 73),
(172017851, 'chinese', 93),
(172017851, 'math', 85),
(172017851, 'english', 79),
(172017852, 'chinese', 88),
(172017852, 'math', 99),
(172017852, 'english', 72),
(172017853, 'chinese', 92),
(172017853, 'math', 78),
(172017853, 'english', 5),
(172017854, 'chinese', 89),
(172017854, 'math', 81),
(172017854, 'english', 90),
(172017855, 'chinese', 94),
(172017855, 'math', 29),
(172017855, 'english', 70),
(172017856, 'chinese', 98),
(172017856, 'math', 36),
(172017856, 'english', 72),
(172017857, 'chinese', 67),
(172017857, 'math', 86),
(172017857, 'english', 40),
(172017858, 'chinese', 27),
(172017858, 'math', 73),
(172017858, 'english', 48),
(172017859, 'chinese', 29),
(172017859, 'math', 69),
(172017859, 'english', 6),
(172017860, 'chinese', 17),
(172017860, 'math', 41),
(172017860, 'english', 46),
(172017861, 'chinese', 66),
(172017861, 'math', 71),
(172017861, 'english', 38),
(172017862, 'chinese', 51),
(172017862, 'math', 38),
(172017862, 'english', 91),
(172017863, 'chinese', 61),
(172017863, 'math', 72),
(172017863, 'english', 40),
(172017864, 'chinese', 61),
(172017864, 'math', 13),
(172017864, 'english', 80),
(172017865, 'chinese', 17),
(172017865, 'math', 20),
(172017865, 'english', 92),
(172017866, 'chinese', 92),
(172017866, 'math', 85),
(172017866, 'english', 96),
(172017867, 'chinese', 81),
(172017867, 'math', 56),
(172017867, 'english', 60),
(172017868, 'chinese', 84),
(172017868, 'math', 36),
(172017868, 'english', 29),
(172017869, 'chinese', 63),
(172017869, 'math', 73),
(172017869, 'english', 97),
(172017870, 'chinese', 95),
(172017870, 'math', 18),
(172017870, 'english', 28),
(172017871, 'chinese', 54),
(172017871, 'math', 72),
(172017871, 'english', 44),
(172017872, 'chinese', 60),
(172017872, 'math', 92),
(172017872, 'english', 69),
(172017873, 'chinese', 98),
(172017873, 'math', 97),
(172017873, 'english', 27),
(172017874, 'chinese', 64),
(172017874, 'math', 96),
(172017874, 'english', 7),
(172017875, 'chinese', 79),
(172017875, 'math', 72),
(172017875, 'english', 41),
(172017876, 'chinese', 94),
(172017876, 'math', 4),
(172017876, 'english', 64),
(172017877, 'chinese', 72),
(172017877, 'math', 94),
(172017877, 'english', 19),
(172017878, 'chinese', 34),
(172017878, 'math', 74),
(172017878, 'english', 68),
(172017879, 'chinese', 23),
(172017879, 'math', 91),
(172017879, 'english', 91),
(172017880, 'chinese', 73),
(172017880, 'math', 78),
(172017880, 'english', 81),
(172017881, 'chinese', 90),
(172017881, 'math', 51),
(172017881, 'english', 63),
(172017882, 'chinese', 95),
(172017882, 'math', 78),
(172017882, 'english', 30),
(172017883, 'chinese', 82),
(172017883, 'math', 55),
(172017883, 'english', 78),
(172017884, 'chinese', 74),
(172017884, 'math', 98),
(172017884, 'english', 70),
(172017885, 'chinese', 36),
(172017885, 'math', 41),
(172017885, 'english', 97),
(172017886, 'chinese', 91),
(172017886, 'math', 93),
(172017886, 'english', 85),
(172017887, 'chinese', 58),
(172017887, 'math', 23),
(172017887, 'english', 87),
(172017888, 'chinese', 57),
(172017888, 'math', 67),
(172017888, 'english', 93),
(172017889, 'chinese', 86),
(172017889, 'math', 78),
(172017889, 'english', 86),
(172017890, 'chinese', 67),
(172017890, 'math', 49),
(172017890, 'english', 91),
(172017891, 'chinese', 94),
(172017891, 'math', 87),
(172017891, 'english', 97);

ALTER TABLE `2020`
  ADD PRIMARY KEY (`studentId`,`subject`);
COMMIT;
